District,Mandal,Date,Rainfall (mm),temp_min ,Temp,humidity_min (%),humidity_max (%),wind_speed_min (Kmph),wind_speed_max (Kmph)
Khammam,Madhira,1/1/20,0,19.5,30.3,54.4,99.8,0,11.8
Khammam,Madhira,1/2/20,0,21.9,31.3,56.9,94.3,0,10.9
Khammam,Madhira,1/3/20,0,21.4,30.2,67,98.1,0,12.1
Khammam,Madhira,1/4/20,1.8,22.8,31.8,54.3,99.6,0,13.4
Khammam,Madhira,1/5/20,7.4,23.1,28.8,58.3,97.8,0,7.6
Khammam,Madhira,1/6/20,0,21.3,31.3,62.6,97.6,0,7.9
Khammam,Madhira,1/7/20,0,21.2,31,54.4,92.2,0,14.5
Khammam,Madhira,1/8/20,0,20.3,32.1,52.9,100,0,6.4
Khammam,Madhira,1/9/20,0,19,31,54.3,100,0,9
Khammam,Madhira,1/10/20,0,20.1,31.4,52.7,100,0,8.7
Khammam,Madhira,1/11/20,0,20.5,29.4,65.2,100,0,7.9
Khammam,Madhira,1/12/20,0,18.6,30,54.6,100,0,9.6
Khammam,Madhira,1/13/20,0,16.7,30.9,39.9,100,0,6.4
Khammam,Madhira,1/14/20,0,18.2,31.4,37.9,100,0,4
Khammam,Madhira,1/15/20,0,16.8,30.9,49.4,100,0,6.6
Khammam,Madhira,1/16/20,0,17.5,29.5,45.5,100,0,7.2
Khammam,Madhira,1/17/20,0,18.7,30.5,47.9,100,0,13.5
Khammam,Madhira,1/18/20,0,20,33.4,41.7,100,0,9
Khammam,Madhira,1/19/20,0,20.3,30.8,40.4,100,0,9.8
Khammam,Madhira,1/20/20,0,19.7,32.4,51.9,100,0,7.1
Khammam,Madhira,1/21/20,0,19.9,33.1,50.7,100,0,5.6
Khammam,Madhira,1/22/20,0,19.6,32.2,48.1,100,0,2.8
Khammam,Madhira,1/23/20,0,21.1,32.9,48.7,100,0,9.3
Khammam,Madhira,1/24/20,0,19.8,33.8,49.7,100,0,3.8
Khammam,Madhira,1/25/20,0,21.5,33.7,39.9,100,0,9
Khammam,Madhira,1/26/20,0,19.9,34.3,45.1,100,0,2.7
Khammam,Madhira,1/27/20,0,19.4,35,45.6,100,0,7.5
Khammam,Madhira,1/28/20,0,20.4,35.6,43.2,100,0,1.7
Khammam,Madhira,1/29/20,0,21.5,35.2,44.2,100,0,8.9
Khammam,Madhira,1/30/20,0,22.6,34.9,51.1,98.2,0,6
Khammam,Madhira,1/31/20,0,23.3,34.8,55.4,100,0,3.8
Khammam,Madhira,2/1/20,0,21.9,33.5,49.5,100,0,0.7
Khammam,Madhira,2/2/20,0,20.5,34.2,55.4,100,0,12.2
Khammam,Madhira,2/3/20,0,20.6,33.9,51.2,100,0,9.5
Khammam,Madhira,2/4/20,0,20.6,33.5,51.4,100,0,6.6
Khammam,Madhira,2/5/20,0,20,34.8,52.9,100,0,7.3
Khammam,Madhira,2/6/20,0,18.8,35.5,49.3,100,0,7.1
Khammam,Madhira,2/7/20,0,21.5,35.2,52,100,0,13.3
Khammam,Madhira,2/8/20,0,20.8,34.1,52,100,0,8.2
Khammam,Madhira,2/9/20,0,22.4,34,48,94.5,0,12.1
Khammam,Madhira,2/10/20,1.6,21,27.1,71.1,100,0,13.8
Khammam,Madhira,2/11/20,0,22.1,30.7,68.9,99.3,0,13.8
Khammam,Madhira,2/12/20,0,21.7,32.1,55,100,0,15.2
Khammam,Madhira,2/13/20,0,21.1,33.1,51.9,100,0,6.2
Khammam,Madhira,2/14/20,0,20,33.3,36,98.5,0,14.4
Khammam,Madhira,2/15/20,0,17.5,35.6,23.6,100,0,10.8
Khammam,Madhira,2/16/20,0,20.2,35,33.6,100,0,10.2
Khammam,Madhira,2/17/20,0,19.7,36.4,32.4,100,0,9.5
Khammam,Madhira,2/18/20,0,19.7,35.8,41.2,99.7,0,3.7
Khammam,Madhira,2/19/20,0,21.3,35.8,39.7,100,0,5.4
Khammam,Madhira,2/20/20,0,20,34.9,49,100,0,7.1
Khammam,Madhira,2/21/20,0,20.2,34,49.4,100,0,12.1
Khammam,Madhira,2/22/20,0,17.9,33.2,47.3,100,0,15.2
Khammam,Madhira,2/23/20,0,18.5,34.9,43.4,100,0,13.6
Khammam,Madhira,2/24/20,0,20.6,36.2,47.6,100,0,6.8
Khammam,Madhira,2/25/20,0,21.3,36.8,44.6,99.8,0,8.4
Khammam,Madhira,2/26/20,0,22,35.4,44.6,100,0,5
Khammam,Madhira,2/27/20,0,21,35.1,52.3,90.9,0,3.9
Khammam,Madhira,2/28/20,0,21.7,35.3,35.9,99.5,0,11.7
Khammam,Madhira,2/29/20,0,21.2,34.7,48.8,99.4,0,9.9
Khammam,Madhira,3/1/20,0,21.6,35,50.1,99.7,0,7.5
Khammam,Madhira,3/2/20,0,22,34.7,46.4,99.8,0,6.5
Khammam,Madhira,3/3/20,0,21.3,36,50.6,99.9,0,5.3
Khammam,Madhira,3/4/20,0,22,35.9,51.2,99.6,0,5.1
Khammam,Madhira,3/5/20,0,22.4,36.7,33.6,100,0,13.6
Khammam,Madhira,3/6/20,0.6,24.5,36.1,39.7,99.6,0,14.7
Khammam,Madhira,3/7/20,19.9,23.9,34.8,57.3,100,0,13.5
Khammam,Madhira,3/8/20,0,23.8,31.4,68.1,100,0,11.7
Khammam,Madhira,3/9/20,0,22.5,34.8,57.8,100,0,8.8
Khammam,Madhira,3/10/20,0,23,35,52.9,100,0,6.3
Khammam,Madhira,3/11/20,0,22.6,36.2,48.7,100,0,8.7
Khammam,Madhira,3/12/20,0,23.4,36.2,45.7,100,0,6.4
Khammam,Madhira,3/13/20,0,23.9,36.6,42.1,100,0,10
Khammam,Madhira,3/14/20,0,22.1,37.4,43.7,99.8,0,8.4
Khammam,Madhira,3/15/20,0,21.4,37,47.5,99.6,0,8.9
Khammam,Madhira,3/16/20,0,21.8,35.7,45,100,0,9.7
Khammam,Madhira,3/17/20,0,22.4,38,47.8,100,0,9
Khammam,Madhira,3/18/20,0,22.3,38.1,40.6,100,0,9
Khammam,Madhira,3/19/20,0,24.2,37.5,42.8,99,0,6.2
Khammam,Madhira,3/20/20,5.2,23.9,37.6,41.9,100,0,8.1
Khammam,Madhira,3/21/20,0,24.8,37.7,43.3,98.9,0,12.1
Khammam,Madhira,3/22/20,0,24.7,37.7,39.6,100,0,13.5
Khammam,Madhira,3/23/20,0,23.3,37.8,45,100,0,6.9
Khammam,Madhira,3/24/20,0,23.5,37.2,39.4,98.9,0,11.1
Khammam,Madhira,3/25/20,0,24.1,38,40.7,98.5,0,6.6
Khammam,Madhira,3/26/20,0,23.1,37.7,41.2,100,0,6.8
Khammam,Madhira,3/27/20,0,22.7,38.1,35.1,100,0,4.5
Khammam,Madhira,3/28/20,0,22.7,38.4,39.1,93.9,0,5.7
Khammam,Madhira,3/29/20,0,22.9,38.8,32.1,83.6,0,9.2
Khammam,Madhira,3/30/20,0,23.3,39.9,33.6,89.8,0,5
Khammam,Madhira,3/31/20,0,24.6,39,33.4,99,0,7.5
Khammam,Madhira,4/1/20,0,23.4,38.9,35.2,88.3,,6.1
Khammam,Madhira,4/2/20,0,24.4,40.9,25.9,88.2,,5.2
Khammam,Madhira,4/3/20,0,24.6,40.1,35.9,100,,4.4
Khammam,Madhira,4/4/20,0,24,38.6,41.2,99.1,,8.9
Khammam,Madhira,4/5/20,0,24,38.1,40.3,96,,5.5
Khammam,Madhira,4/6/20,0,25.4,38.7,33.6,100,,8.8
Khammam,Madhira,4/7/20,0,26.7,38.2,39.7,99.2,,7.6
Khammam,Madhira,4/8/20,0,27.3,38,43.3,96.4,,6.5
Khammam,Madhira,4/9/20,0,27.1,39.8,31.6,92.2,,15.1
Khammam,Madhira,4/10/20,0,21,34.9,47.5,97.7,,14.3
Khammam,Madhira,4/11/20,0,24.1,38.8,40.4,98.4,,5.6
Khammam,Madhira,4/12/20,0,24.9,38.8,35.1,95.5,,4.9
Khammam,Madhira,4/13/20,0,23.8,40.1,24.5,100,,7.5
Khammam,Madhira,4/14/20,0,23.2,41.4,28.8,99.5,,6
Khammam,Madhira,4/15/20,0,23.6,39.7,24.4,99.1,,13
Khammam,Madhira,4/16/20,0,22.5,38.4,32,99.9,,6.3
Khammam,Madhira,4/17/20,0,24.2,38.6,32.8,100,,6.3
Khammam,Madhira,4/18/20,0,25.5,38.8,28.9,97.6,,6
Khammam,Madhira,4/19/20,0,24,38.4,41.2,99,,8.9
Khammam,Madhira,4/20/20,0,24.4,38.3,40.2,99.1,,7.9
Khammam,Madhira,4/21/20,0,23.7,38.9,38.9,98.5,,7.7
Khammam,Madhira,4/22/20,0,25.9,38.3,36.6,89.8,,8
Khammam,Madhira,4/23/20,0,26.1,38.3,31.4,96.4,,15.1
Khammam,Madhira,4/24/20,0,27.2,40.3,33.5,90.2,,11.7
Khammam,Madhira,4/25/20,0,27.5,39.2,40.5,91.8,,12
Khammam,Madhira,4/26/20,0,25.8,40.6,41.2,84.3,,16.4
Khammam,Madhira,4/27/20,0,27,39.6,39,91.6,,10.9
Khammam,Madhira,4/28/20,0,26.3,36.7,45.4,94.1,,15.3
Khammam,Madhira,4/29/20,4,22.8,38.4,40.8,100,,18.3
Khammam,Madhira,4/30/20,0,26,39.2,33.1,100,,9
Khammam,Madhira,5/1/20,13.5,24,39.2,36.3,100,,11.5
Khammam,Madhira,5/2/20,0,27.1,38.4,33.2,99.2,,9.8
Khammam,Madhira,5/3/20,0,26.9,38.4,38,98.1,,10.4
Khammam,Madhira,5/4/20,0,27.3,41.1,39.2,98.4,,8.7
Khammam,Madhira,5/5/20,0,28.8,40.9,29.4,91.1,,13.3
Khammam,Madhira,5/6/20,0,27.9,39.6,36.9,96.6,,10.6
Khammam,Madhira,5/7/20,0,27.2,40.3,39.1,93.6,,14.9
Khammam,Madhira,5/8/20,0,27.2,38.4,41.6,97.7,,10.6
Khammam,Madhira,5/9/20,0,28,41,37.9,93.6,,7.2
Khammam,Madhira,5/10/20,0,28.1,41.7,25.4,91.4,,9.7
Khammam,Madhira,5/11/20,0,27,39,34.2,82.9,,14.6
Khammam,Madhira,5/12/20,0,27.3,39.5,36.4,92,,5.9
Khammam,Madhira,5/13/20,0,27.4,40.5,30.7,93,,11
Khammam,Madhira,5/14/20,0,28.5,40.4,26.4,92.2,,11.4
Khammam,Madhira,5/15/20,0,27.1,39.1,30.6,94,,16.7
Khammam,Madhira,5/16/20,0,28.6,40,30.8,91.9,,11.3
Khammam,Madhira,5/17/20,1.1,25.8,39.3,34.6,100,,20
Khammam,Madhira,5/18/20,0,28,39.4,36.4,88.8,,11.3
Khammam,Madhira,5/19/20,1.4,26.7,39.4,34.3,94.5,,10.1
Khammam,Madhira,5/20/20,0,27.4,40.1,27.1,78.5,,12.9
Khammam,Madhira,5/21/20,0,28.1,42.4,13.9,58.9,,15.5
Khammam,Madhira,5/22/20,0,25.5,44,6.7,80,,18.5
Khammam,Madhira,5/23/20,0,29.1,44.5,10.3,89,,9
Khammam,Madhira,5/24/20,0,29.9,43.7,25.4,85.1,,11.7
Khammam,Madhira,5/25/20,0,29.8,42.5,32.4,86.9,,13.2
Khammam,Madhira,5/26/20,0,29.8,41,38.6,87.8,,15.5
Khammam,Madhira,5/27/20,0,29.9,41.2,27.8,87.5,,7.6
Khammam,Madhira,5/28/20,0,30.7,41.6,41.7,84.9,,12.2
Khammam,Madhira,5/29/20,0,30.8,43.9,35,87.8,,15
Khammam,Madhira,5/30/20,0,30.1,43.6,27.1,83.3,,22.3
Khammam,Madhira,5/31/20,0,30.1,38.9,36.4,85.9,,14
Khammam,Madhira,6/1/20,1,25.5,41,33.3,99.9,0,23
Khammam,Madhira,6/2/20,0,27.6,37.7,33.5,93.5,0,16.3
Khammam,Madhira,6/3/20,13.2,25.9,39,40.8,100,0,15.3
Khammam,Madhira,6/4/20,0.8,27.6,38.6,39.5,100,0,14.4
Khammam,Madhira,6/5/20,0,29.3,37.4,40.7,86.1,2.9,10.8
Khammam,Madhira,6/6/20,0,29.7,38.7,35.5,77,0.2,10.6
Khammam,Madhira,6/7/20,0,30.1,39.6,26.4,69.9,1.5,12.1
Khammam,Madhira,6/8/20,1.4,28.8,39.4,29.8,70.9,1.9,15.7
Khammam,Madhira,6/9/20,0,30.6,39.5,36.4,55.6,0,15.4
Khammam,Madhira,6/10/20,3.5,25.5,41.7,30.7,100,0.5,14.7
Khammam,Madhira,6/11/20,84.5,24.8,38.4,33.1,99.9,0.2,22.9
Khammam,Madhira,6/12/20,2.3,26.4,32.8,86.6,98.9,0,8.1
Khammam,Madhira,6/13/20,0,28.1,32.9,80.8,96.1,0,9.1
Khammam,Madhira,6/14/20,0,28.5,37.8,49.1,83,0,13.3
Khammam,Madhira,6/15/20,0,28,37.9,39.3,91.1,0,14.6
Khammam,Madhira,6/16/20,0.7,28.8,37.8,45.8,93,0,14.3
Khammam,Madhira,6/17/20,22.4,27.3,37.9,51.2,99.6,0,15.1
Khammam,Madhira,6/18/20,5.1,25.4,34,75.9,99.2,0,13
Khammam,Madhira,6/19/20,0,27.3,36.6,71.1,96.8,0,12.5
Khammam,Madhira,6/20/20,0,29.3,37.9,54.4,88.3,0,13.9
Khammam,Madhira,6/21/20,0,26.8,37.8,50.9,95.7,0,15
Khammam,Madhira,6/22/20,5.8,26.3,32.8,70.3,95.9,0,6.5
Khammam,Madhira,6/23/20,0,27.6,35.3,63,95.7,0,13.3
Khammam,Madhira,6/24/20,20.6,26,37.9,47.6,99.8,0,10.1
Khammam,Madhira,6/25/20,0,29.4,39,51.7,94.8,0,6.6
Khammam,Madhira,6/26/20,1.5,27.5,37.6,43.5,98.9,0,8.9
Khammam,Madhira,6/27/20,0,28.5,37.9,56.2,96,0,10.6
Khammam,Madhira,6/28/20,0,27.6,38.6,41.1,93.7,0,12.4
Khammam,Madhira,6/29/20,0,27.7,38.1,51.3,94,0,13.3
Khammam,Madhira,6/30/20,0.5,27.4,36.5,71,96.7,0,7.8
Khammam,Madhira,7/1/20,0,26.7666666666667,37.8666666666667,49.8,99.2,0,12.7
Khammam,Madhira,7/2/20,2.9,27.2666666666667,37.2,56.6,96.4333333333333,0,11
Khammam,Madhira,7/3/20,10.3,27.0666666666667,36.8333333333333,64.2666666666667,99.9,0,13.1
Khammam,Madhira,7/4/20,34.6,25.7666666666667,35.3333333333333,71.4,99.9,0,10.2
Khammam,Madhira,7/5/20,32.3,24.5333333333333,34.4333333333333,91.9666666666667,99.9,0,8.6
Khammam,Madhira,7/6/20,18.7,24.4666666666667,30.3666666666667,98.6,99.9,0,6.2
Khammam,Madhira,7/7/20,0,27.1333333333333,32.1333333333333,93.7,99.9,0,5.3
Khammam,Madhira,7/8/20,3.1,26.3666666666667,36.7,60.4333333333333,99.6666666666667,0,10.1
Khammam,Madhira,7/9/20,3.8,26.4,36.8666666666667,67.6,99.6,0,10.3
Khammam,Madhira,7/10/20,35,25.6333333333333,35.9666666666667,73.5666666666667,99.9,0,9.8
Khammam,Madhira,7/11/20,24.4,25.1333333333333,33.8666666666667,80.6,95.9333333333333,0,9.7
Khammam,Madhira,7/12/20,0.7,26.4666666666667,37.0666666666667,77.5,98.5,0.5,4.7
Khammam,Madhira,7/13/20,17.5,25.0333333333333,37.2333333333333,73.9666666666667,99.8,0,10.9
Khammam,Madhira,7/14/20,36.5,24.8666666666667,34.8,82.2,99.9,0.1,10.9
Khammam,Madhira,7/15/20,12.6,25.0666666666667,34.4333333333333,84.9666666666667,99.9,0,11.1
Khammam,Madhira,7/16/20,3,25.1333333333333,29.3333333333333,92.6333333333333,99.9,0,0.7
Khammam,Madhira,7/17/20,6.9,25.7333333333333,32.3333333333333,85.6,99.9,0,1.3
Khammam,Madhira,7/18/20,0,25.6666666666667,35.9666666666667,62.4333333333333,97.6,0,10.2
Khammam,Madhira,7/19/20,0,27.2,36.6333333333333,67.5,99.9,0,3
Khammam,Madhira,7/20/20,0.1,28.0333333333333,37.5,73.1,99.1,0,10
Khammam,Madhira,7/21/20,7.9,27.2,34.7666666666667,85.5,99.9,0,5
Khammam,Madhira,7/22/20,0,28.2666666666667,36.9,66.2333333333333,99.1,0,6.1
Khammam,Madhira,7/23/20,0.1,26.5,37.2333333333333,74.6,99.6333333333333,0,5.1
Khammam,Madhira,7/24/20,23.8,25,29.3333333333333,93.4666666666667,99.9,0,9
Khammam,Madhira,7/25/20,0,26.9333333333333,34.6,77.5,99.4666666666667,0,8.9
Khammam,Madhira,7/26/20,0,26.5333333333333,35.4666666666667,77.1333333333333,98.6,0,4.1
Khammam,Madhira,7/27/20,0,25.4333333333333,37.5333333333333,48.4333333333333,99.9,0,4.4
Khammam,Madhira,7/28/20,0,27.3666666666667,37.8,60.2,94.9666666666667,1.2,9.2
Khammam,Madhira,7/29/20,7.8,25.4333333333333,37.2,63.5,99.9,0,15.4
Khammam,Madhira,7/30/20,3.4,26.4333333333333,37.2666666666667,68.3666666666667,99.9,0,4
Khammam,Madhira,7/31/20,0,28,37.8333333333333,59.6666666666667,99.1,0,8.7
Khammam,Madhira,8/1/20,0,28.5,37.3666666666667,73.3,99.1666666666667,0,7.8
Khammam,Madhira,8/2/20,0.9,25.5666666666667,37.6,67.7666666666667,99.9,0,14.1
Khammam,Madhira,8/3/20,2,27.6666666666667,37.5333333333333,64.0666666666667,99.3,0,10.1
Khammam,Madhira,8/4/20,8.3,25.7,34.1666666666667,75.7666666666667,99.9,0,11
Khammam,Madhira,8/5/20,8.9,26,32.8666666666667,78.0333333333333,99.9,0,11.6
Khammam,Madhira,8/6/20,3.5,25.8666666666667,31.4,86.9,99.9,0,7.7
Khammam,Madhira,8/7/20,2,28.2,37.4333333333333,78.1666666666667,99.1,0,8
Khammam,Madhira,8/8/20,0,28.1333333333333,36.4333333333333,76.7666666666667,95.4,0,3.3
Khammam,Madhira,8/9/20,0,28.2666666666667,36.6333333333333,65,96.0333333333333,0,8
Khammam,Madhira,8/10/20,15.9,26.4,33.8666666666667,78.3,99.9,0,8.2
Khammam,Madhira,8/11/20,0,26.2666666666667,31.6,88,99.9,0,7.5
Khammam,Madhira,8/12/20,13.6,25.7,35.4,75.2333333333333,99.9,0,8.5
Khammam,Madhira,8/13/20,33.5,25.2,29.4333333333333,93.5,99.9,0,7.5
Khammam,Madhira,8/14/20,11.9,24.4333333333333,29.4333333333333,98.8333333333333,99.9,0,8.6
Khammam,Madhira,8/15/20,22.2,24.3333333333333,27.7,85.5666666666667,99.9333333333333,0,5
Khammam,Madhira,8/16/20,31.5,24.3666666666667,26.0333333333333,99.9,100,0,7.3
Khammam,Madhira,8/17/20,5.7,24.9,27.9333333333333,98.5,100,0,8.4
Khammam,Madhira,8/18/20,0,25.8,33.0333333333333,90.3,100,0,16.2
Khammam,Madhira,8/19/20,1.6,25.9666666666667,33.2666666666667,84.3333333333333,100,0,11.7
Khammam,Madhira,8/20/20,7.9,24.9333333333333,29,97.6666666666667,100,0,7.1
Khammam,Madhira,8/21/20,12.5,24.8333333333333,27.2,95.3,99.9,0,7.7
Khammam,Madhira,8/22/20,2.9,25.7333333333333,32.1333333333333,87.5666666666667,100,0,5.9
Khammam,Madhira,8/23/20,0.5,26.5666666666667,33.7,83.8,99.9666666666667,0,7.4
Khammam,Madhira,8/24/20,0,25.6333333333333,35.6666666666667,76.3,100,0,7.7
Khammam,Madhira,8/25/20,0,27.0333333333333,35.4,71.8333333333333,99.9666666666667,0,8
Khammam,Madhira,8/26/20,0,27.1,35.2666666666667,74.2666666666667,99.9666666666667,0,8.8
Khammam,Madhira,8/27/20,5.6,24.6,31.3666666666667,86.1666666666667,100,0,8.5
Khammam,Madhira,8/28/20,4.1,24.9666666666667,31.5666666666667,88.4333333333333,100,0,7
Khammam,Madhira,8/29/20,20.6,24.9666666666667,34.3666666666667,85.4,100,0,8.1
Khammam,Madhira,8/30/20,0,26.2333333333333,35.8666666666667,75.6666666666667,100,0,6.4
Khammam,Madhira,8/31/20,0,27.5666666666667,37.8666666666667,60.9666666666667,99.9666666666667,0,3.4
Khammam,Madhira,9/1/20,0,27.6,35.3,64.3,100,0,7.1
Khammam,Madhira,9/2/20,0,27.6,35.3,66.6,100,0,11
Khammam,Madhira,9/3/20,0,27.6,35.6,73.6,100,0,11.4
Khammam,Madhira,9/4/20,0.1,27.6,35.3,64,100,0,9.4
Khammam,Madhira,9/5/20,0,27.6,35.3,64.4,100,0,10.2
Khammam,Madhira,9/6/20,0,27.6,35.3,64.8,100,0,11.7
Khammam,Madhira,9/7/20,0,27.6,35.3,64.2,100,0,7.5
Khammam,Madhira,9/8/20,0,27.6,35.3,60.9,96.2,0,6.5
Khammam,Madhira,9/9/20,2,27.3,37.9,53.8,100,0,6.3
Khammam,Madhira,9/10/20,0.8,27.6,37.4,57.2,100,0,3
Khammam,Madhira,9/11/20,0,27.6,37.9,61.7,100,0,1.7
Khammam,Madhira,9/12/20,0.3,24.3,37.9,76.4,100,0,10.2
Khammam,Madhira,9/13/20,14.2,25,35.3,86.6,100,0,6.4
Khammam,Madhira,9/14/20,19.1,25.9,32.4,96.1,100,0,8.1
Khammam,Madhira,9/15/20,28.1,25.8,32.7,94.3,100,0,4
Khammam,Madhira,9/16/20,2.6,27.2,32.7,94.9,100,0,1.5
Khammam,Madhira,9/17/20,27.8,26.5,33,91.1,100,0,3.3
Khammam,Madhira,9/18/20,0,26.4,32.8,94.1,100,0,1.3
Khammam,Madhira,9/19/20,0.3,26.4,37.4,79.5,100,0,14.9
Khammam,Madhira,9/20/20,1.2,26,32.7,91.8,98.7,0,8.7
Khammam,Madhira,9/21/20,6.2,25.9,35.4,90.1,99.6,0,6
Khammam,Madhira,9/22/20,1.8,25.9,33.4,89.3,99,2.7,7.3
Khammam,Madhira,9/23/20,0.4,25.7,31.5,86,100,0,6.1
Khammam,Madhira,9/24/20,0,27.6,33.1,85.7,100,0,8.2
Khammam,Madhira,9/25/20,0,27.6,35.3,64.4,96.2,3.6,9.9
Khammam,Madhira,9/26/20,26.5,24.3,35.5,86.4,100,0,15.2
Khammam,Madhira,9/27/20,6.9,24.6,28.3,99.3,100,0,5.8
Khammam,Madhira,9/28/20,0,27.6,33.1,92.1,100,0,6.8
Khammam,Madhira,9/29/20,3,27.2,32.8,87.5,100,0,12.9
Khammam,Madhira,9/30/20,5.6,25,32.7,87.7,100,0,13
Khammam,Madhira,10/1/20,2.8,25,32.4,98.8,100,6.7,0
Khammam,Madhira,10/2/20,0,26.5,33.5,85,100,9.1,0
Khammam,Madhira,10/3/20,0,27.1,34.7,84.3,100,7.1,0
Khammam,Madhira,10/4/20,0,27.6,35,68.3,100,12.1,0
Khammam,Madhira,10/5/20,0,26.1,33.1,78.6,100,2.5,0
Khammam,Madhira,10/6/20,0,27.6,34.1,62.4,100,9.9,0
Khammam,Madhira,10/7/20,59.9,25.1,33.1,87.7,100,5.7,0
Khammam,Madhira,10/8/20,0,24.9,32.1,90.3,100,5.3,0
Khammam,Madhira,10/9/20,4.1,26.7,35.4,60.7,100,1.4,0
Khammam,Madhira,10/10/20,1.9,23.5,35.4,81.5,99.7,0.3,0
Khammam,Madhira,10/11/20,2.3,23.3,35.1,76.2,100,3.1,0
Khammam,Madhira,10/12/20,3,23.5,32.7,76.4,100,0.1,0
Khammam,Madhira,10/13/20,121.3,24.8,32.5,91.5,100,14.3,0
Khammam,Madhira,10/14/20,14.4,24.9,27.5,99.8,100,12.1,4.2
Khammam,Madhira,10/15/20,6.3,24.4,32.6,87.7,100,5.6,0
Khammam,Madhira,10/16/20,0,25.7,34.4,74.9,100,1,0
Khammam,Madhira,10/17/20,0,25.2,33.9,87.6,100,4.8,0
Khammam,Madhira,10/18/20,0,25,33.2,82.2,100,1,0
Khammam,Madhira,10/19/20,0,24.7,36.2,71,100,0.2,0
Khammam,Madhira,10/20/20,4.5,25.6,35.2,86.7,100,5.8,0
Khammam,Madhira,10/21/20,0.8,25.4,30.5,93,100,,
Khammam,Madhira,10/22/20,0,25.7,32.7,77.3,100,5.3,0
Khammam,Madhira,10/23/20,0,24.5,35.1,70.1,100,8.7,0
Khammam,Madhira,10/24/20,0,23.1,34,68.9,100,8.2,0
Khammam,Madhira,10/25/20,0,24.6,33.4,66.3,100,5.1,0
Khammam,Madhira,10/26/20,0,22.3,35.6,52.5,100,5.6,0
Khammam,Madhira,10/27/20,0,20.8,34.9,40.5,99.9,7.2,0
Khammam,Madhira,10/28/20,0,19.5,33.3,58.6,99.9,4.6,2.2
Khammam,Madhira,10/29/20,0,22.1,33.6,45.9,99.5,2.9,0
Khammam,Madhira,10/30/20,0,22.8,33.9,56,100,0.8,0
Khammam,Madhira,10/31/20,0,21.7,33.7,46.9,99.9,11.2,0
Khammam,Madhira,11/1/20,0,21.4,33.2,46.7,100,8.5,0
Khammam,Madhira,11/2/20,0,21,36.4,19.3,99.3,5.4,0
Khammam,Madhira,11/3/20,0,23.3,36.2,48.2,99.9,2.5,0
Khammam,Madhira,11/4/20,2,26,36.3,63.5,99.7,5.4,0
Khammam,Madhira,11/5/20,0,21.5,30.4,86.5,99.9,3.1,0
Khammam,Madhira,11/6/20,0,25.1,34.8,71.8,99.9,3,0
Khammam,Madhira,11/7/20,0,24.4,34.9,78.3,99.9,11.1,0
Khammam,Madhira,11/8/20,0,24.3,34.7,56.4,99.6,4.2,0
Khammam,Madhira,11/9/20,0,19,33.5,42.9,99.9,6.6,0
Khammam,Madhira,11/10/20,0,17.9,33.2,39.6,97.8,7.6,0
Khammam,Madhira,11/11/20,0,18.1,32.7,42.7,97.4,3.6,0
Khammam,Madhira,11/12/20,0,24.3,33.2,45.8,96.7,9,0
Khammam,Madhira,11/13/20,0.4,23.4,33.4,83.1,99.1,10.4,0
Khammam,Madhira,11/14/20,0,20.6,35.7,46,98.1,12.2,0
Khammam,Madhira,11/15/20,0,19.7,35.3,46,96.7,8.8,0
Khammam,Madhira,11/16/20,0,25.3,33.2,62.9,89.4,10.2,0
Khammam,Madhira,11/17/20,0,21.5,32.6,66.8,97.9,7.5,0
Khammam,Madhira,11/18/20,0,21.2,34.5,41.1,98,11.1,0
Khammam,Madhira,11/19/20,0,23.3,35,57.7,99.3,1.5,0
Khammam,Madhira,11/20/20,0,22.3,35.3,58.9,99.9,4.7,0
Khammam,Madhira,11/21/20,0,21.3,35.8,56.9,98.7,8,0
Khammam,Madhira,11/22/20,0,21.1,35.4,47.8,98.4,5.9,0
Khammam,Madhira,11/23/20,0,22.1,35.1,55.5,98.8,3.2,0
Khammam,Madhira,11/24/20,0,21.8,32.5,70.6,99.1,6.8,0
Khammam,Madhira,11/25/20,0,19.6,32.2,68.5,98.6,6,0
Khammam,Madhira,11/26/20,0.1,22.9,31.2,65.9,96.7,10,0
Khammam,Madhira,11/27/20,22.8,21,24.6,87.8,99.1,15.1,0
Khammam,Madhira,11/28/20,2.5,20.7,25.4,92.3,99.9,13.2,0
Khammam,Madhira,11/29/20,0,23.2,31.1,76,98.6,10.2,0
Khammam,Madhira,11/30/20,0,19.4,32.9,46.1,98.2,11,0
Khammam,Madhira,12/1/20,0,20.2,33.5,43.2,97.6,4.8,0
Khammam,Madhira,12/2/20,0,17.7,32.6,47.9,98.1,3.4,0
Khammam,Madhira,12/3/20,0,19.9,32.6,46.2,97,1.4,0
Khammam,Madhira,12/4/20,0,20,31.8,58,99.1,1.5,0
Khammam,Madhira,12/5/20,0,18.7,33.4,55.9,97.2,2.2,0
Khammam,Madhira,12/6/20,0,18.4,32.7,37,96.8,4.6,0
Khammam,Madhira,12/7/20,0,20.7,33.1,43.3,96.6,9.7,0
Khammam,Madhira,12/8/20,0,17.2,33.1,38.9,98.5,10,0
Khammam,Madhira,12/9/20,0,15.1,33.4,30.5,98.8,6.1,0
Khammam,Madhira,12/10/20,0,17.7,34.3,41,98.7,2.7,0
Khammam,Madhira,12/11/20,0,18,34.3,38.4,97.8,0.5,0
Khammam,Madhira,12/12/20,0,17.8,32.6,47.7,99.9,4.5,0
Khammam,Madhira,12/13/20,0,17.5,33.6,47.5,98.9,1.7,0
Khammam,Madhira,12/14/20,0,18.1,32.8,41.6,97.2,6.9,0
Khammam,Madhira,12/15/20,0,17.4,33.3,37.2,99.9,5.8,0
Khammam,Madhira,12/16/20,0,20.2,31.7,61.9,97.2,4,0
Khammam,Madhira,12/17/20,0,19.1,32.5,41.6,97.6,13.1,0
Khammam,Madhira,12/18/20,0,21,32.7,46.8,98.2,2.4,0
Khammam,Madhira,12/19/20,0,20.5,32.7,57.7,99.1,4.6,0
Khammam,Madhira,12/20/20,0,17.8,32.1,41.3,97.2,8.2,0
Khammam,Madhira,12/21/20,0,14.2,31.3,38.5,95.9,6.2,0
Khammam,Madhira,12/22/20,0,14.8,31.4,27.7,87,3.2,0
Khammam,Madhira,12/23/20,0,14.4,30.2,40.2,91.4,5.2,0
Khammam,Madhira,12/24/20,0,14.1,30.7,40.9,99.7,2.2,0
Khammam,Madhira,12/25/20,0,17,30.7,48.2,99.9,1.3,0
Khammam,Madhira,12/26/20,0,16.4,30.1,49.8,99,3,0
Khammam,Madhira,12/27/20,0,15.8,31.7,44.8,98.8,1.8,0
Khammam,Madhira,12/28/20,0,17.4,31.9,34.7,99.9,3.4,0
Khammam,Madhira,12/29/20,0,16.6,32.3,51.8,100,6.5,0
Khammam,Madhira,12/30/20,0,17.3,32.2,43.8,99.8,6.4,0
Khammam,Madhira,12/31/20,0,19,32.2,40.9,98.2,9.6,0
Khammam,Madhira,1-Jan-21,0,17.2,32.4,38.5,99.9,,
Khammam,Madhira,2-Jan-21,0,16.7,30.4,43.5,99.9,,
Khammam,Madhira,3-Jan-21,0,16.7,33,38,99.9,,
Khammam,Madhira,4-Jan-21,0,16.3,33.1,31.7,99.9,,
Khammam,Madhira,5-Jan-21,0,18.5,30.6,37.5,99.9,,
Khammam,Madhira,6-Jan-21,0,23,34.8,32.7,99.9,,
Khammam,Madhira,7-Jan-21,0,21.8,32.8,41.1,99.9,,
Khammam,Madhira,8-Jan-21,0,21.1,32.8,60,99.9,,
Khammam,Madhira,9-Jan-21,0,18.9,35.9,36.8,99.9,,
Khammam,Madhira,10-Jan-21,0,17.4,32.6,34.6,99.9,,
Khammam,Madhira,11-Jan-21,0,17.7,35,38,99.9,,
Khammam,Madhira,12-Jan-21,0,16.9,35.1,47.5,99.9,,
Khammam,Madhira,13-Jan-21,0,18.8,35.6,43.2,99.9,,
Khammam,Madhira,14-Jan-21,0,20.2,35.2,18.2,99.9,,
Khammam,Madhira,15-Jan-21,0,19.7,35.2,32,99.9,,
Khammam,Madhira,16-Jan-21,0,19.1,33.9,30.1,99.9,,
Khammam,Madhira,17-Jan-21,0,18.2,35.3,34.5,99.9,,
Khammam,Madhira,18-Jan-21,0,18.7,33.7,32.4,99.9,,
Khammam,Madhira,19-Jan-21,0,18.3,33,33.1,99.9,,
Khammam,Madhira,20-Jan-21,0,17,35.8,46.6,98.8,,
Khammam,Madhira,21-Jan-21,0,17.8,35.3,31.7,100,,
Khammam,Madhira,22-Jan-21,0,19.6,36.2,39.6,99.9,,
Khammam,Madhira,23-Jan-21,0,20.2,35.3,42.9,99.9,,
Khammam,Madhira,24-Jan-21,0,18.5,35.2,33.8,99.9,,
Khammam,Madhira,25-Jan-21,0,18.3,35.9,42.8,99.9,,
Khammam,Madhira,26-Jan-21,0,17.6,35.3,40.4,99.9,,
Khammam,Madhira,27-Jan-21,0,18.5,35.1,31.7,99.9,,
Khammam,Madhira,28-Jan-21,0,19.3,35.1,40.7,99.9,,
Khammam,Madhira,29-Jan-21,0,19.3,32.7,41.3,99.9,,
Khammam,Madhira,30-Jan-21,0,19.4,35.5,41,100,,
Khammam,Madhira,31-Jan-21,0,20.2,34.3,44.3,98,,
Khammam,Madhira,1-Feb-21,0,21.1,35.1,41.2,99.9,,
Khammam,Madhira,2-Feb-21,0,19.8,33.2,40.5,99.9,,
Khammam,Madhira,3-Feb-21,0,17.4,35.3,23,99.9,,
Khammam,Madhira,4-Feb-21,0,15.9,32.9,29.3,100,,
Khammam,Madhira,5-Feb-21,0,14.9,32.4,30.5,95.5,,
Khammam,Madhira,6-Feb-21,0,16,33.6,13.2,95.8,,
Khammam,Madhira,7-Feb-21,0,16.7,34.7,25.4,96.3,,
Khammam,Madhira,8-Feb-21,0,15.7,33.2,34.9,99.9,,
Khammam,Madhira,9-Feb-21,0,17.1,33.3,42.8,97.3,,
Khammam,Madhira,10-Feb-21,0,17.5,33.5,24.8,99.9,,
Khammam,Madhira,11-Feb-21,0,17.8,35.1,35.3,99.9,,
Khammam,Madhira,12-Feb-21,0,17.7,35.1,41.5,99.9,,
Khammam,Madhira,13-Feb-21,0,17.6,35.7,46.8,99.9,,
Khammam,Madhira,14-Feb-21,0,17.1,33.8,29.6,99.9,,
Khammam,Madhira,15-Feb-21,0,19,36.8,24,99.9,,
Khammam,Madhira,16-Feb-21,0,18.4,36.8,26,99.9,,
Khammam,Madhira,17-Feb-21,0,16.3,36,31.6,99.9,,
Khammam,Madhira,18-Feb-21,0,19,35.9,23.5,99.9,,
Khammam,Madhira,19-Feb-21,0,20.2,34.8,41.6,90.7,,
Khammam,Madhira,20-Feb-21,0,21.1,32.5,54.3,89.7,,
Khammam,Madhira,21-Feb-21,0,21,32.9,41.9,99.9,,
Khammam,Madhira,22-Feb-21,0,20.7,33.3,41.2,99.9,,
Khammam,Madhira,23-Feb-21,0,20.3,35.6,36.6,99.9,,
Khammam,Madhira,24-Feb-21,0,20,37,25.6,99.9,,
Khammam,Madhira,25-Feb-21,0,19.5,37.7,36,99.9,,
Khammam,Madhira,26-Feb-21,0,18.1,38,31.5,99.9,,
Khammam,Madhira,27-Feb-21,0,19.4,38.9,26.5,99.9,,
Khammam,Madhira,28-Feb-21,0,20.2,39.3,24.2,99.9,,
Khammam,Madhira,1-Mar-21,0,20.5,39.7,27,99.9,,
Khammam,Madhira,2-Mar-21,0,21.3,37.3,25.5,99.9,,
Khammam,Madhira,3-Mar-21,0,19.3,38.2,34.2,96.2,,
Khammam,Madhira,4-Mar-21,0,19.3,38.8,19.1,99.9,,
Khammam,Madhira,5-Mar-21,0,19.7,38.2,24.1,99.9,,
Khammam,Madhira,6-Mar-21,0,18,38.8,24.1,95.5,,
Khammam,Madhira,7-Mar-21,0,19.3,37.4,28.4,99.9,,
Khammam,Madhira,8-Mar-21,0,22.1,39.4,36.4,99.9,,
Khammam,Madhira,9-Mar-21,0,21.8,37.9,32.8,99.9,,
Khammam,Madhira,10-Mar-21,0,20.4,37.1,37.8,99.9,,
Khammam,Madhira,11-Mar-21,0,21,36.9,28.6,99.9,,
Khammam,Madhira,12-Mar-21,0,20.5,37.5,31.3,99.9,,
Khammam,Madhira,13-Mar-21,0,17.8,36.6,31.5,95.6,,
Khammam,Madhira,14-Mar-21,0,19.3,36.8,13,99.9,,
Khammam,Madhira,15-Mar-21,0,21.7,37.9,26.6,99.9,,
Khammam,Madhira,16-Mar-21,0,23.1,37.1,29.4,99.9,,
Khammam,Madhira,17-Mar-21,0,23.3,36.8,38.2,99.9,,
Khammam,Madhira,18-Mar-21,0,21.6,36.6,26.5,99.9,,
Khammam,Madhira,19-Mar-21,0,20.7,36.6,37.2,99.9,,
Khammam,Madhira,20-Mar-21,0,20,36.1,39.3,99.9,,
Khammam,Madhira,21-Mar-21,0,21.9,38.5,26.5,96.9,,
Khammam,Madhira,22-Mar-21,0,23.9,37.4,18.9,90.4,,
Khammam,Madhira,23-Mar-21,0,21.5,37.9,37.9,99.9,,
Khammam,Madhira,24-Mar-21,0,22.8,38.1,29.7,90.1,,
Khammam,Madhira,25-Mar-21,0,22.1,38.7,29.1,93.3,,
Khammam,Madhira,26-Mar-21,0,21.6,39.1,34.7,92.1,,
Khammam,Madhira,27-Mar-21,0,23.7,38.6,32.9,99.9,,
Khammam,Madhira,28-Mar-21,0,23.8,38.8,40.4,99.9,,
Khammam,Madhira,29-Mar-21,0,25,38.9,23.2,99.9,,
Khammam,Madhira,30-Mar-21,0,25,38.2,34.1,99.9,,
Khammam,Madhira,31-Mar-21,0,24.2,39.9,36.7,99.9,,
Khammam,Madhira,1-Apr-21,0,20.6,42.7,16.9,89.5,0,7.8
Khammam,Madhira,2-Apr-21,0,24.1,43.1,20.7,90.8,0,5.8
Khammam,Madhira,3-Apr-21,0,24.6,42.8,8.4,99.9,0,12.4
Khammam,Madhira,4-Apr-21,0,25.2,40.6,33.1,99.9,0,12.5
Khammam,Madhira,5-Apr-21,0,27,40,37.1,99.9,0,5.6
Khammam,Madhira,6-Apr-21,0,25.4,39.4,45.6,99.9,0,12.4
Khammam,Madhira,7-Apr-21,0,24.8,39.3,41.5,99.9,0,6.9
Khammam,Madhira,8-Apr-21,0,25,39.8,42.7,99.9,0,6.5
Khammam,Madhira,9-Apr-21,0,23.9,40,34.5,99.9,0,6.3
Khammam,Madhira,10-Apr-21,0,23.5,38.8,38.5,99.9,0,7.3
Khammam,Madhira,11-Apr-21,0,23.6,38.6,31,99.9,0,10.5
Khammam,Madhira,12-Apr-21,0,25.7,39.2,21.4,99.9,0,2.7
Khammam,Madhira,13-Apr-21,4.6,23.8,39.4,38.7,99.9,0,15.1
Khammam,Madhira,14-Apr-21,0,22.7,39.8,31.9,100,0,9.3
Khammam,Madhira,15-Apr-21,1.5,24,36.3,26.5,99.9,0,13.8
Khammam,Madhira,16-Apr-21,0,23.8,38,35.1,99.9,0,9
Khammam,Madhira,17-Apr-21,0,25.3,39.2,39.3,99.9,0,6.5
Khammam,Madhira,18-Apr-21,0,25.8,40.7,35.3,99.9,0,8
Khammam,Madhira,19-Apr-21,0,25,40.9,25,99.9,0,9.8
Khammam,Madhira,20-Apr-21,0,28.6,41.4,34.3,99.9,0,7.1
Khammam,Madhira,21-Apr-21,0,27.2,40.2,40.2,99.9,0,12.7
Khammam,Madhira,22-Apr-21,0,25.4,40.3,38.8,99.9,0,9.6
Khammam,Madhira,23-Apr-21,0,26.3,39.9,34.5,99.9,0,7
Khammam,Madhira,24-Apr-21,0,24.5,39,39.3,99.9,0,10.4
Khammam,Madhira,25-Apr-21,0,23.7,39.3,39.1,99.9,0,14.4
Khammam,Madhira,26-Apr-21,0,26.3,40.5,28.8,99.9,0,5.5
Khammam,Madhira,27-Apr-21,0,26.3,39.9,34.4,99.9,0,4.5
Khammam,Madhira,28-Apr-21,12.3,23.7,42.6,29.6,99.9,0,11.1
Khammam,Madhira,29-Apr-21,0,26.5,40.4,40.9,99.9,0,14.2
Khammam,Madhira,30-Apr-21,0,23.2,39.7,33.8,91.5,0,15.1
Khammam,Madhira,1-May-21,0,24.9,39.4,0,0,0,0
Khammam,Madhira,1-May-21,0,24.9,39.4,26.8,99.9,0,10.8
Khammam,Madhira,2-May-21,0,24.6,38.4,0,0,0,0
Khammam,Madhira,2-May-21,0,24.6,38.4,39.2,99.9,0,12.7
Khammam,Madhira,3-May-21,0,25.1,39.3,0,0,0,0
Khammam,Madhira,3-May-21,0,25.1,39.3,34.9,86.1,0,10.7
Khammam,Madhira,4-May-21,0,26.8,39.2,0,0,0,0
Khammam,Madhira,4-May-21,0,26.8,39.2,40.5,99.9,0,7.6
Khammam,Madhira,5-May-21,0,26.9,40.4,0,0,0,0
Khammam,Madhira,5-May-21,0,26.9,40.4,38.7,99.9,0,14.1
Khammam,Madhira,6-May-21,0,26.7,39.9,0,0,0,0
Khammam,Madhira,6-May-21,0,26.7,39.9,27.3,99.9,0,8.4
Khammam,Madhira,7-May-21,0,25.1,39.8,0,0,0,0
Khammam,Madhira,7-May-21,0,25.1,39.8,40.5,99.9,0,12.6
Khammam,Madhira,8-May-21,0,28.4,40.8,0,0,0,0
Khammam,Madhira,8-May-21,0,28.4,40.8,40.3,91.4,0,8.7
Khammam,Madhira,9-May-21,0,27.7,40.8,0,0,0,0
Khammam,Madhira,9-May-21,0,27.7,40.8,36.6,99.9,0,8.5
Khammam,Madhira,10-May-21,0,27.9,40.9,0,0,0,0
Khammam,Madhira,10-May-21,0,27.9,40.9,40.2,99.9,0,8.1
Khammam,Madhira,11-May-21,0,28.2,41.5,0,0,0,0
Khammam,Madhira,11-May-21,0,28.2,41.5,40.4,99.9,0,7.5
Khammam,Madhira,12-May-21,0,24.5,41.9,0,0,0,0
Khammam,Madhira,12-May-21,2.3,24.5,41.9,26.1,99.9,0,13.3
Khammam,Madhira,13-May-21,0,28.7,39.7,0,0,0,0
Khammam,Madhira,13-May-21,0,28.7,39.7,44,99.9,0,7.5
Khammam,Madhira,14-May-21,0,29.2,40.9,0,0,0,0
Khammam,Madhira,14-May-21,0.5,29.2,40.9,34.7,99.9,0,15.2
Khammam,Madhira,15-May-21,0,28,40,0,0,0,0
Khammam,Madhira,15-May-21,0,28,40,41.5,99.9,0,15.2
Khammam,Madhira,16-May-21,0,27.7,38,0,0,0,0
Khammam,Madhira,16-May-21,0.2,27.7,38,39.6,99.9,0,16.9
Khammam,Madhira,17-May-21,6.4,27.1,34.8,64.7,99.9,0,11.5
Khammam,Madhira,18-May-21,6.3,28.7,39.1,43.7,99.9,0,9.9
Khammam,Madhira,19-May-21,0,28.6,40.4,34.6,99.9,0,7.1
Khammam,Madhira,20-May-21,6.5,25.1,40,42.5,99.9,0,7.5
Khammam,Madhira,21-May-21,0,28.2,39.3,42.2,99.9,0,8
Khammam,Madhira,22-May-21,27.5,24.7,39,33.7,99.9,0,10.8
Khammam,Madhira,23-May-21,0,27.5,38.9,44.1,99.9,0,9.5
Khammam,Madhira,24-May-21,0,26.9,37.5,39.4,84.9,0,14.2
Khammam,Madhira,25-May-21,0,27.9,39.7,40.9,99.9,0,8.2
Khammam,Madhira,26-May-21,0,24.8,39.1,21.8,76.4,0,14.1
Khammam,Madhira,27-May-21,0,31.2,43.1,11.2,66.4,0,18
Khammam,Madhira,28-May-21,0,30.2,41.6,27.4,63.8,0,15.4
Khammam,Madhira,29-May-21,0.4,30,41.1,37.9,74,0,14.2
Khammam,Madhira,30-May-21,0,27.7,42.8,15.5,77.8,0,5.5
Khammam,Madhira,31-May-21,0,29.5,42.4,34.3,78.9,0,11.6
Khammam,Madhira,1-Jul-21,16.5,24.1,38.6,47.3,99.9,0,12.5
Khammam,Madhira,2-Jul-21,16.2,23.2,33.6,74.2,99.9,0,14.2
Khammam,Madhira,3-Jul-21,6.5,23.5,30.2,85.4,99.9,0,0.7
Khammam,Madhira,4-Jul-21,0,26,36.8,57,99.9,0,8.6
Khammam,Madhira,5-Jul-21,0,25.8,38.2,40.9,99.9,0,5.1
Khammam,Madhira,6-Jul-21,0,26.3,36.4,55.5,99.9,0,11.3
Khammam,Madhira,7-Jul-21,0,26.8,37,47.6,99.9,0,7.6
Khammam,Madhira,8-Jul-21,2.8,25.6,37.6,43.5,99.9,0,21.4
Khammam,Madhira,9-Jul-21,0,26.2,32.4,74.1,99.9,0,4.7
Khammam,Madhira,10-Jul-21,43.9,25.1,34.1,63.6,99.9,0,7.7
Khammam,Madhira,11-Jul-21,6.3,25.4,34.2,66,99.9,0,2.9
Khammam,Madhira,12-Jul-21,4.7,25.7,32.2,76.9,99.9,0,2.7
Khammam,Madhira,13-Jul-21,27.4,25.1,32.3,80.7,99.9,0,8.3
Khammam,Madhira,14-Jul-21,41.8,24.8,32.3,84.9,99.9,0,7.1
Khammam,Madhira,15-Jul-21,25.6,25,32.2,86,99.9,0,4.7
Khammam,Madhira,16-Jul-21,6.5,25.6,33.6,72,99.9,0,4.6
Khammam,Madhira,17-Jul-21,3.3,25.8,33,60.1,99.9,0,5.5
Khammam,Madhira,18-Jul-21,0.2,26.3,37.1,55.4,99.9,0,8.5
Khammam,Madhira,19-Jul-21,1.5,25.8,33.2,63.5,99.9,0,5
Khammam,Madhira,20-Jul-21,2.8,27.3,35.9,55.6,99.9,0,8.1
Khammam,Madhira,21-Jul-21,3.5,24.6,34.3,63.1,99.9,0,15.4
Khammam,Madhira,22-Jul-21,83.6,23.4,28,94.6,99.9,0,9.1
Khammam,Madhira,23-Jul-21,56.5,23.8,27.7,67.2,99.9,0,11.8
Khammam,Madhira,24-Jul-21,9.1,24,34,79.4,99.9,0,19.3
Khammam,Madhira,25-Jul-21,0,26.2,34.8,77.5,99.9,0,9.5
Khammam,Madhira,26-Jul-21,0.8,26.2,36,55.5,99.9,0,10.9
Khammam,Madhira,27-Jul-21,0.4,28,35.3,63.6,90.8,0,12.2
Khammam,Madhira,28-Jul-21,0.3,27.5,34.5,59.3,99.9,0,15.3
Khammam,Madhira,29-Jul-21,0,28.8,34.6,-1,79.5,0,13.6
Khammam,Madhira,30-Jul-21,0,27.9,33.8,62.8,90.8,0,5.7
Khammam,Madhira,31-Jul-21,0.5,27.8,34.2,63.3,99.9,0,9.8
Khammam,Madhira,1-Aug-21,0,27.5,32.8,62.8,99.9,0,11.4
Khammam,Madhira,2-Aug-21,0,27.2,34.9,37.9,99.9,0,11.4
Khammam,Madhira,3-Aug-21,0,27.4,35.2,37.4,80,0,15.2
Khammam,Madhira,4-Aug-21,0,27,35.7,42.6,99.9,0,10.7
Khammam,Madhira,5-Aug-21,0,28.1,36.3,39.1,84.6,0,12.4
Khammam,Madhira,6-Aug-21,0.6,27.6,36.4,40.8,99.9,0,13.4
Khammam,Madhira,7-Aug-21,0,25.8,36.3,35.3,99.9,0,11.5
Khammam,Madhira,8-Aug-21,0,26.7,37.9,47.5,99.9,0,7.9
Khammam,Madhira,9-Aug-21,4.2,27,39.1,47.7,99.9,0,4.7
Khammam,Madhira,10-Aug-21,1.6,26.8,37.1,58,99.9,0,7.8
Khammam,Madhira,11-Aug-21,0.9,25.6,34.9,69,99.9,0,6.9
Khammam,Madhira,12-Aug-21,0,26.5,37.1,41.4,99.9,0,13.3
Khammam,Madhira,13-Aug-21,17.3,24.9,36.3,44.7,99.9,0,16.2
Khammam,Madhira,14-Aug-21,2.2,26.3,32.4,75.5,99.9,0,10.1
Khammam,Madhira,15-Aug-21,6.3,25.4,33,76.2,99.9,0,14.3
Khammam,Madhira,16-Aug-21,24.6,24.7,33.8,69.4,99.9,0,9.7
Khammam,Madhira,17-Aug-21,30.6,24.8,30.7,80.6,99.9,0,9.1
Khammam,Madhira,18-Aug-21,0.9,25.5,30.4,91.4,99.9,0,8
Khammam,Madhira,19-Aug-21,0.8,26.8,33.9,78.3,99.9,0,10.7
Khammam,Madhira,20-Aug-21,0,27,32.6,80,99.9,0,8.1
Khammam,Madhira,21-Aug-21,0,25.8,32,80.6,99.9,0,3.8
Khammam,Madhira,22-Aug-21,4.9,24.8,30.4,82.4,99.9,0,3.6
Khammam,Madhira,23-Aug-21,0,25.5,35.2,63.5,99.9,0,6.8
Khammam,Madhira,24-Aug-21,0,25.3,36.1,44,99.9,0,1.5
Khammam,Madhira,25-Aug-21,0,27.6,37.3,50.7,99.9,0,3.8
Khammam,Madhira,26-Aug-21,0.8,25,37.3,55.7,99.9,0,16.5
Khammam,Madhira,27-Aug-21,1.7,25.2,34.9,76,99.9,0,12.1
Khammam,Madhira,28-Aug-21,10.1,25.6,32.5,77.5,99.9,0,2.4
Khammam,Madhira,29-Aug-21,41.5,24.4,32.2,77,99.9,0,4.1
Khammam,Madhira,30-Aug-21,0,25.9,32.4,84.3,99.9,0,2.9
Khammam,Madhira,31-Aug-21,2.2,25.6,30.5,83,99.9,0,5.1
Khammam,Madhira,1-Sep-21,3.6,25.2,30.4,91.4,99.9,0,5.1
Khammam,Madhira,2-Sep-21,3.4,24.4,32.7,82.5,99.9,0,4.3
Khammam,Madhira,3-Sep-21,65.8,24.3,36.8,45,99.9,0,2.1
Khammam,Madhira,4-Sep-21,8.4,25,33,72,99.9,0,6.1
Khammam,Madhira,5-Sep-21,10.8,24.9,33.5,76,99.9,0,13.8
Khammam,Madhira,6-Sep-21,0.2,26.4,34.1,79.9,99.9,0,4.8
Khammam,Madhira,7-Sep-21,30.3,24.9,27.9,94.5,99.9,0,4.3
Khammam,Madhira,8-Sep-21,0,26.1,32.9,78.3,99.9,0,10.7
Khammam,Madhira,9-Sep-21,0,25.6,33.6,66.5,99.9,0,8.7
Khammam,Madhira,10-Sep-21,0,27.8,34,74.3,99.9,0,10.2
Khammam,Madhira,11-Sep-21,0,27.6,33,77.1,99.9,0,9
Khammam,Madhira,12-Sep-21,0,27,32.9,79.5,99.9,0,7.9
Khammam,Madhira,13-Sep-21,0,26.3,33,72.6,99.9,0,10.3
Khammam,Madhira,14-Sep-21,0,26.4,34.1,78.4,99.9,0,12.4
Khammam,Madhira,15-Sep-21,0.1,27.2,34.4,72.8,99.9,0,12.6
Khammam,Madhira,16-Sep-21,0,27.2,34.3,70.9,99.9,0,10.8
Khammam,Madhira,17-Sep-21,0,25.1,34.8,58.7,99.9,0,6.8
Khammam,Madhira,18-Sep-21,0,26.7,36.4,49.5,99.9,0,6.4
Khammam,Madhira,19-Sep-21,0,25.2,36.1,56.5,99.9,0,13.9
Khammam,Madhira,20-Sep-21,11.3,25.6,37,46.3,99.9,0,4.5
Khammam,Madhira,21-Sep-21,3.6,25.2,35.7,57.1,99.9,0,7.1
Khammam,Madhira,22-Sep-21,2.3,25.3,34.5,70.8,99.9,0,2.2
Khammam,Madhira,23-Sep-21,0,26.4,34.2,71.1,99.9,0,6.3
Khammam,Madhira,24-Sep-21,0,26.1,34.5,76.4,99.9,0,3.5
Khammam,Madhira,25-Sep-21,0,26.4,36.7,59.3,99.9,0,3
Khammam,Madhira,26-Sep-21,0,24.8,36.7,59.4,99.9,0,12
Khammam,Madhira,27-Sep-21,86.5,24.9,34.4,77.7,99.9,0,21.7
Khammam,Madhira,28-Sep-21,82.9,24.9,27.8,97.6,99.9,0,7.3
Khammam,Madhira,29-Sep-21,0,25.8,32.8,78.6,99.9,0,5.4
Khammam,Madhira,30-Sep-21,0,26,34.4,71.9,99.9,0,5.1
Khammam,Madhira,1-Oct-21,0.3,24.8,34.8,74.3,99.9,0,3.5
Khammam,Madhira,2-Oct-21,0.6,26,35.6,56,99.9,0,2.4
Khammam,Madhira,3-Oct-21,0,25.8,36.8,56,99.9,0,3.1
Khammam,Madhira,4-Oct-21,0,25.9,37.2,55.6,99.9,0,1.1
Khammam,Madhira,5-Oct-21,0,24.7,35.7,66.7,99.9,0,2.2
Khammam,Madhira,6-Oct-21,0,25.5,35.1,71.4,99.9,0,5.2
Khammam,Madhira,7-Oct-21,4.3,25.2,34.2,78.3,99.9,0,12.4
Khammam,Madhira,8-Oct-21,1.3,26.3,36.6,63.6,99.9,0,5.2
Khammam,Madhira,9-Oct-21,0,25.3,36.3,65.9,99.9,0,0.3
Khammam,Madhira,10-Oct-21,0,24.9,34.9,71.4,99.9,0,2.8
Khammam,Madhira,11-Oct-21,0,25,36.4,53.6,99.9,0,7.1
Khammam,Madhira,12-Oct-21,0,24,34.6,44.1,99.9,0,7
Khammam,Madhira,13-Oct-21,0,25.2,36.5,39.4,99.9,0,3.1
Khammam,Madhira,14-Oct-21,0,25.3,36.9,47.7,99.9,0,5.1
Khammam,Madhira,15-Oct-21,0,25.1,36.5,39.3,99.9,0,1.1
Khammam,Madhira,16-Oct-21,8.7,24.8,34.8,63.1,99.9,0,12.6
Khammam,Madhira,17-Oct-21,4.8,25.6,33.9,74.6,99.9,0,5
Khammam,Madhira,18-Oct-21,0,26.2,34.6,73,99.9,0,2.7
Khammam,Madhira,19-Oct-21,0,25.1,37.2,50.5,99.9,0,3.3
Khammam,Madhira,20-Oct-21,0,26.2,34.9,71.4,99.9,0,5.5
Khammam,Madhira,21-Oct-21,0,25.2,34.6,56.7,99.9,0,5.9
Khammam,Madhira,22-Oct-21,0,23.5,35,47.8,99.9,0,4.1
Khammam,Madhira,23-Oct-21,0,22.7,34.9,43.9,99.9,0,6.9
Khammam,Madhira,24-Oct-21,0,25.2,35.2,55.4,99.9,0,1.6
Khammam,Madhira,25-Oct-21,0,23.3,34.6,48.3,99.9,0,1.6
Khammam,Madhira,26-Oct-21,0,22.6,34.9,50,99.9,0,2.1
Khammam,Madhira,27-Oct-21,0,20.3,34.7,48.8,99.9,0,9.1
Khammam,Madhira,28-Oct-21,0,21.9,34.5,33,99.9,0,4.9
Khammam,Madhira,29-Oct-21,0,25,34.3,61.7,99.9,0,8.9
Khammam,Madhira,30-Oct-21,4.2,25.3,32.4,77.9,99.9,0,5.2
Khammam,Madhira,31-Oct-21,33.5,24.3,33.2,77.4,99.9,0,2.7
Khammam,Madhira,1-Nov-21,0,25.2,34.1,77.6,99.9,0,0
Khammam,Madhira,2-Nov-21,3.1,24.3,34.4,71,99.9,0,0
Khammam,Madhira,3-Nov-21,0,24.3,32.9,79.2,99.9,0,0
Khammam,Madhira,4-Nov-21,0.4,23.2,33.1,73.5,99.9,0,0
Khammam,Madhira,5-Nov-21,0,22.6,32.7,77.3,99.9,0,0
Khammam,Madhira,6-Nov-21,0,22.5,33,49.3,99.9,0,0
Khammam,Madhira,7-Nov-21,0,22.8,33,37.4,99.9,0,0
Khammam,Madhira,8-Nov-21,0,19,32.3,53.3,99.9,0,0
Khammam,Madhira,9-Nov-21,0,20.2,32.9,45.7,99.9,0,0
Khammam,Madhira,10-Nov-21,0,20,33,37.8,99.9,0,0
Khammam,Madhira,11-Nov-21,0,23.7,32.7,46.4,99.9,0,0
Khammam,Madhira,12-Nov-21,0.3,24.2,31,74,99.9,0,0
Khammam,Madhira,13-Nov-21,11.7,24.5,30,84.3,99.9,0,0
Khammam,Madhira,14-Nov-21,0.1,24.1,30.7,84.3,99.9,0,0
Khammam,Madhira,15-Nov-21,0,24.5,33.7,71,99.9,0,0
Khammam,Madhira,16-Nov-21,2.2,24.2,33.8,77.5,99.9,0,0
Khammam,Madhira,17-Nov-21,0,24,32.7,77.4,99.9,0,0
Khammam,Madhira,18-Nov-21,0,25.1,33.3,56.2,99.9,0,0
Khammam,Madhira,19-Nov-21,4.9,24.4,32.2,77.2,99.9,0,0
Khammam,Madhira,20-Nov-21,0.9,24.5,29.9,85.4,99.9,0,0
Khammam,Madhira,21-Nov-21,0.1,24.4,32.4,77.5,99.9,0,0
Khammam,Madhira,22-Nov-21,0.4,24.2,34.5,73.8,99.9,0,0
Khammam,Madhira,23-Nov-21,1.8,24.6,34.9,66.4,99.9,0,0
Khammam,Madhira,24-Nov-21,0.6,24.3,34.9,50.2,99.9,0,0
Khammam,Madhira,25-Nov-21,0,22.7,35.5,56.7,99.9,0,0
Khammam,Madhira,26-Nov-21,0,21.9,34.6,62.4,99.9,0,0
Khammam,Madhira,27-Nov-21,0,20.4,34.3,36.7,99.9,0,0
Khammam,Madhira,28-Nov-21,0,23.8,32.6,55,99.9,0,0
Khammam,Madhira,29-Nov-21,0,22.9,30.5,70.4,99.9,0,0
Khammam,Madhira,30-Nov-21,0,21.8,30.6,76.9,99.9,0,0
Khammam,Madhira,1-Dec-21,0,19.7,32.9,49.2,99.9,0,4
Khammam,Madhira,2-Dec-21,0,19.3,33.8,56.3,99.9,0,7.9
Khammam,Madhira,3-Dec-21,0,19.2,32.9,45.5,99.9,0,0
Khammam,Madhira,4-Dec-21,0,18.6,33.8,47.9,99.9,0,3.6
Khammam,Madhira,5-Dec-21,0,19.6,34.1,45.7,99.9,0,6.9
Khammam,Madhira,6-Dec-21,0,20,34.7,55.1,99.9,0,4.5
Khammam,Madhira,7-Dec-21,0,21,33.8,50.6,99.9,0,10.6
Khammam,Madhira,8-Dec-21,0,22.1,34.9,53.7,99.9,0,3.5
Khammam,Madhira,9-Dec-21,0,22.3,32.9,59.1,99.9,0,2.2
Khammam,Madhira,10-Dec-21,0,22.7,30.6,48.7,99.9,0,9.3
Khammam,Madhira,11-Dec-21,0,20.7,34.5,48.7,99.9,0,2.5
Khammam,Madhira,12-Dec-21,0,21.3,34.4,55.4,99.9,0,8.1
Khammam,Madhira,13-Dec-21,0,20.9,33.8,54.2,99.9,0,4.2
Khammam,Madhira,14-Dec-21,0,20.4,32.7,61,99.9,0,7.2
Khammam,Madhira,15-Dec-21,0,19.8,32.3,45.4,99.9,0,8.2
Khammam,Madhira,16-Dec-21,0,17.6,30.5,50.3,99.9,0,3.1
Khammam,Madhira,17-Dec-21,0,15.9,32.7,49.5,99.9,0,2.3
Khammam,Madhira,18-Dec-21,0,14.4,31,35.1,99.9,0,2.4
Khammam,Madhira,19-Dec-21,0,14.3,32.4,35.4,99.9,0,6.8
Khammam,Madhira,20-Dec-21,0,15.4,33,46.5,99.9,0,2.9
Khammam,Madhira,21-Dec-21,0,13,30.7,43.6,99.9,0,7.1
Khammam,Madhira,22-Dec-21,0,11.9,31.2,29.7,99.9,0,8.7
Khammam,Madhira,23-Dec-21,0,13.8,32.5,26.8,99.9,0,2.8
Khammam,Madhira,24-Dec-21,0,14.8,32.9,33.7,99.9,0,3.1
Khammam,Madhira,25-Dec-21,0,17.2,34.3,48.5,99.9,0,1.2
Khammam,Madhira,26-Dec-21,0,18.6,33.5,54.4,99.9,0,4.4
Khammam,Madhira,27-Dec-21,0,19.3,33.8,56.1,99.9,0,2
Khammam,Madhira,28-Dec-21,0,18.2,32.5,46.2,99.9,0,9.5
Khammam,Madhira,29-Dec-21,0,19.1,34.3,54.6,99.9,0,5.8
Khammam,Madhira,30-Dec-21,0,20,32.8,44.6,99.9,0,7.4
Khammam,Madhira,31-Dec-21,0,19.1,32.6,38.1,99.9,0,8.3
Khammam,Madhira,1-Jan-22,0,19.5,32.6,35.5,99.9,0,6.5
Khammam,Madhira,2-Jan-22,0,19.5,32,50.1,99.9,0,8.1
Khammam,Madhira,3-Jan-22,0,18.2,32.8,39.3,99.9,0,7
Khammam,Madhira,4-Jan-22,0,18.1,32.7,45.5,99.9,0,2.8
Khammam,Madhira,5-Jan-22,0,17.4,33,35.9,99.9,0,2.8
Khammam,Madhira,6-Jan-22,0,17.1,32,32.8,99.9,0,8
Khammam,Madhira,7-Jan-22,0,17.3,32.9,46.8,99.9,0,12.4
Khammam,Madhira,8-Jan-22,0,18.5,33.7,50.7,99.9,0,8
Khammam,Madhira,9-Jan-22,0,19,32.6,54.7,99.9,0,10
Khammam,Madhira,10-Jan-22,0,19,33.5,55.2,99.9,0,7.3
Khammam,Madhira,11-Jan-22,0,19.4,33,46.1,99.9,0,9.3
Khammam,Madhira,12-Jan-22,0,22.4,33.3,52.3,99.9,0,8.5
Khammam,Madhira,13-Jan-22,0,22.4,32.3,62.6,99.9,0,8.6
Khammam,Madhira,14-Jan-22,2.1,20,26.5,77.9,99.9,0,13.9
Khammam,Madhira,15-Jan-22,0.1,21.2,30.3,76.6,99.9,0,10.8
Khammam,Madhira,16-Jan-22,0,21.5,32.6,35,99.9,0,6.8
Khammam,Madhira,17-Jan-22,0.1,20.2,31.8,61.3,99.9,0,8.3
Khammam,Madhira,18-Jan-22,0,19.8,32.1,55.1,99.9,0,8.6
Khammam,Madhira,19-Jan-22,0,17.6,32.9,43.9,99.9,0,4.6
Khammam,Madhira,20-Jan-22,0,17.1,33.8,44.1,99.9,0,1.5
Khammam,Madhira,21-Jan-22,0,18.3,32.9,39.3,99.9,0,0.1
Khammam,Madhira,22-Jan-22,0,18.4,35.3,46.8,99.9,0,11.8
Khammam,Madhira,23-Jan-22,0,21.8,35.5,47.1,99.9,0,2.2
Khammam,Madhira,24-Jan-22,0,21.8,33.2,48.3,99.9,0,6.7
Khammam,Madhira,25-Jan-22,0,16.7,32.7,49.5,99.9,0,10.2
Khammam,Madhira,26-Jan-22,0,18.7,32.3,46.5,99.9,0,13.9
Khammam,Madhira,27-Jan-22,0,19.9,32.5,54.6,99.9,0,4.3
Khammam,Madhira,28-Jan-22,0,15.6,32.9,46.3,99.9,0,10.3
Khammam,Madhira,29-Jan-22,0,14,31.9,30.9,99.9,0,11.9
Khammam,Madhira,30-Jan-22,0,15.7,32.3,40.4,99.9,0,4
Khammam,Madhira,31-Jan-22,0,15.6,33.9,33.6,99.9,0,8.9
Khammam,Madhira,1-Feb-22,0,8.7,36.8,6.8,100,0,65.1
Khammam,Madhira,2-Feb-22,0,8.6,36.5,8.1,100,0,65.1
Khammam,Madhira,3-Feb-22,0,11.1,36.6,12.2,100,0,65.1
Khammam,Madhira,4-Feb-22,0,11.3,36.1,19.8,100,0,65.1
Khammam,Madhira,5-Feb-22,0,6,34.5,8.4,100,0,65.1
Khammam,Madhira,6-Feb-22,0,6.7,35.8,9.7,100,0,65.1
Khammam,Madhira,7-Feb-22,0,9.7,36.9,7.8,100,0,65.1
Khammam,Madhira,8-Feb-22,0,12.7,36.3,18.8,100,0,65.1
Khammam,Madhira,9-Feb-22,0,15.4,36.5,23.7,100,0,67.4
Khammam,Madhira,10-Feb-22,0,14.2,34.6,24.5,100,0,65.1
Khammam,Madhira,11-Feb-22,0,11.7,34.7,21.9,100,0,65.1
Khammam,Madhira,12-Feb-22,0,8,36.5,21.6,100,0,65.1
Khammam,Madhira,13-Feb-22,0,7.3,36.2,13.6,100,0,57.5
Khammam,Madhira,14-Feb-22,0,8.8,36.4,9.2,100,0,65.1
Khammam,Madhira,15-Feb-22,0,11.7,36.3,12.5,100,0,65.1
Khammam,Madhira,16-Feb-22,0,14.3,35.1,18.1,100,0,65.1
Khammam,Madhira,17-Feb-22,0,13.5,36.4,18.2,100,0,65.1
Khammam,Madhira,18-Feb-22,0,15.5,36.1,15.2,100,0,65.1
Khammam,Madhira,19-Feb-22,0,12.5,36.5,20.9,100,0,65.1
Khammam,Madhira,20-Feb-22,0,13.6,37.2,9.1,100,0,63.6
Khammam,Madhira,21-Feb-22,0,10,37.2,15.5,100,0,65.1
Khammam,Madhira,22-Feb-22,0,10.2,39.2,7.2,100,0,65.1
Khammam,Madhira,23-Feb-22,0,11.5,38.7,6.9,100,0,65.1
Khammam,Madhira,24-Feb-22,0,13.2,37.4,13.2,100,0,65.1
Khammam,Madhira,25-Feb-22,0,12.2,38.2,7,100,0,65.1
Khammam,Madhira,26-Feb-22,0,11.4,38.3,5.2,100,0,65.1
Khammam,Madhira,27-Feb-22,0,11.9,38,7.2,100,0,65.1
Khammam,Madhira,28-Feb-22,0,12.3,38.7,10.4,100,0,65.1
Khammam,Madhira,1-Mar-22,0,16.8,38.7,22.8,98.2,0,7.1
Khammam,Madhira,2-Mar-22,0,16.8,37.5,22.8,98,0,8
Khammam,Madhira,3-Mar-22,0,18.5,37,22.8,96.7,0,6.8
Khammam,Madhira,4-Mar-22,0,18.1,38.7,32.1,98.3,0,10.5
Khammam,Madhira,5-Mar-22,0,19.7,38.7,22.2,95.5,0,14.4
Khammam,Madhira,6-Mar-22,0,19.8,36.7,24.9,89,0,9.6
Khammam,Madhira,7-Mar-22,0,19.8,37.2,34.1,98.5,0,11.1
Khammam,Madhira,8-Mar-22,0,20.4,37.8,31,96.2,0,7.5
Khammam,Madhira,9-Mar-22,0,21.3,38.8,27.2,96.2,0,6.2
Khammam,Madhira,10-Mar-22,0,21.1,38.7,31,96.2,0,3.9
Khammam,Madhira,11-Mar-22,0,20.7,38.7,31.7,96.2,0,2.4
Khammam,Madhira,12-Mar-22,0,20.4,38.7,26.9,90.4,0,1.9
Khammam,Madhira,13-Mar-22,0,19.7,38.7,23.7,89.6,0,6.5
Khammam,Madhira,14-Mar-22,0,20.1,39.7,23.1,92,0,7.4
Khammam,Madhira,15-Mar-22,0,19.4,39.5,19.6,95.9,0,7.1
Khammam,Madhira,16-Mar-22,0,19.9,40.8,19.6,88.9,0,6.4
Khammam,Madhira,17-Mar-22,0,21.1,41.8,20.3,96.2,0,3.6
Khammam,Madhira,18-Mar-22,0,23.5,42.2,19.8,98.8,0,7.1
Khammam,Madhira,19-Mar-22,0,23.3,38.8,34,98.9,0,10
Khammam,Madhira,20-Mar-22,0,25.2,38.7,31.3,97.3,0,8.6
Khammam,Madhira,21-Mar-22,0,26.2,39,36.5,97.6,0,7.6
Khammam,Madhira,22-Mar-22,0,25.3,39.6,37.7,90.8,0,8.5
Khammam,Madhira,23-Mar-22,0,25.4,39.3,42.3,97.7,0,3.8
Khammam,Madhira,24-Mar-22,0,25.5,39.6,45.4,98,0,17
Khammam,Madhira,25-Mar-22,0,23.8,38.8,41.2,99.9,0,10.2
Khammam,Madhira,26-Mar-22,0,24.3,38.8,37.7,99.2,0,6.1
Khammam,Madhira,27-Mar-22,0,25.7,39.7,39.4,97.6,0,8
Khammam,Madhira,28-Mar-22,0,25.7,39.6,38.8,97.8,0,8
Khammam,Madhira,29-Mar-22,0,25.5,39.7,40,99.3,0,8.7
Khammam,Madhira,30-Mar-22,0,25.5,42.1,33.6,97.8,0,7.1
Khammam,Madhira,31-Mar-22,0,27,40.5,36.5,97.6,0,9.9
Khammam,Madhira,1-Apr-22,0,26.3,38.3,45.4,97.7,0,9.3
Khammam,Madhira,2-Apr-22,0,26.4,38.2,44.3,97.6,0,8.5
Khammam,Madhira,3-Apr-22,0,26,38.7,43.1,97.6,0,8.2
Khammam,Madhira,4-Apr-22,0,25.7,39.8,37.4,97.6,0,8.2
Khammam,Madhira,5-Apr-22,0,25.7,39.2,38.8,93,0,8.9
Khammam,Madhira,6-Apr-22,0,25,38.7,39.7,97.5,0,10.2
Khammam,Madhira,7-Apr-22,0,24.8,39.8,34,98.7,0,6.4
Khammam,Madhira,8-Apr-22,0,23.6,40,35.4,99.3,0,8.3
Khammam,Madhira,9-Apr-22,0,24.3,39.9,37.7,99.9,0,7.1
Khammam,Madhira,10-Apr-22,0,25.6,39.5,40.2,97.6,0,7.6
Khammam,Madhira,11-Apr-22,0,24.9,39.2,37.4,99.7,0,8.4
Khammam,Madhira,12-Apr-22,0,25.6,40.1,32.7,98,0,7.9
Khammam,Madhira,13-Apr-22,0,24.6,40.3,36.5,99.5,0,7
Khammam,Madhira,14-Apr-22,0,26,40.9,34.7,99,0,9.7
Khammam,Madhira,15-Apr-22,0,25.8,40.8,32,98.8,0,11.3
Khammam,Madhira,16-Apr-22,0,27.9,39.7,33.3,93.5,0,8.6
Khammam,Madhira,17-Apr-22,0,28.2,40.2,34,91.8,0,9
Khammam,Madhira,18-Apr-22,0,28.2,39.5,34,91,0,8.2
Khammam,Madhira,19-Apr-22,0,26.9,41.7,35.4,93.8,0,13.6
Khammam,Madhira,20-Apr-22,0,25.8,42.5,34.3,97.6,0,12.2
Khammam,Madhira,21-Apr-22,0,27.7,42.7,30.8,91,0,9
Khammam,Madhira,22-Apr-22,0,26.2,40.7,37.1,97.6,0,10.8
Khammam,Madhira,23-Apr-22,0,26.6,39.6,37.1,97.6,0,8.9
Khammam,Madhira,24-Apr-22,0,27.1,39.9,35.4,93.5,0,7.1
Khammam,Madhira,25-Apr-22,0,26.8,42.4,31.5,94.1,0,5.9
Khammam,Madhira,26-Apr-22,0,26.8,44.2,28.8,97.7,0,15.7
Khammam,Madhira,27-Apr-22,0,26.7,43.8,28.1,90.8,0,6.4
Khammam,Madhira,28-Apr-22,0,27.1,42.1,32.2,88.6,0,9.5
Khammam,Madhira,29-Apr-22,0,26.5,42.3,29.4,86.3,0,7.6
Khammam,Madhira,30-Apr-22,0,26.6,42.1,28.1,65.9,0,7.9
Khammam,Madhira,1-May-22,0,27.2,42.2,23.1,97.7,0,10.9
Khammam,Madhira,2-May-22,0.7,28,43.2,34.4,93.8,0,14.7
Khammam,Madhira,3-May-22,0,28.5,41.9,31.1,92.4,0,13.9
Khammam,Madhira,4-May-22,0,27.5,41.6,47.8,91,0,12.4
Khammam,Madhira,5-May-22,0,26.8,36.2,55.8,97.7,0,12.4
Khammam,Madhira,6-May-22,0,26.1,41.1,41.4,91,0,12.3
Khammam,Madhira,7-May-22,0,24.7,41,30.8,85.9,0,17.9
Khammam,Madhira,8-May-22,0,28.2,41.8,32.7,91.5,0,8
Khammam,Madhira,9-May-22,13.9,24.7,39.2,40,99.9,0,18.9
Khammam,Madhira,10-May-22,0,28.2,41.9,25,83.9,0,13.9
Khammam,Madhira,11-May-22,1.6,26.6,38.8,35.3,97.6,0,14.7
Khammam,Madhira,12-May-22,0.5,26.2,33.6,53.7,98.4,0,17.9
Khammam,Madhira,13-May-22,0,25.9,36.9,50.8,97.6,0,12.7
Khammam,Madhira,14-May-22,0,26.6,38.7,42.1,99.6,0,9.6
Khammam,Madhira,15-May-22,0,28.5,42.3,37.9,93.7,0,8
Khammam,Madhira,16-May-22,0,28.5,40.3,34.4,92.9,0,12
Khammam,Madhira,17-May-22,0,27.9,41.5,37.4,93.6,0,11.3
Khammam,Madhira,18-May-22,0,28,39.9,39.5,93.5,0,10.1
Khammam,Madhira,19-May-22,1.7,28.2,37.4,43.9,93.4,0,17.3
Khammam,Madhira,20-May-22,9.1,26.7,38.7,49.1,99.9,0,10.5
Khammam,Madhira,21-May-22,0,27,39.8,37.9,90.8,0,7.4
Khammam,Madhira,22-May-22,0,27.8,41.8,35,76.9,0,8.1
Khammam,Madhira,23-May-22,0,30.7,42.2,21.2,63.1,0,10.8
Khammam,Madhira,24-May-22,0,28.4,43.8,23.7,70.1,0,14.3
Khammam,Madhira,25-May-22,0,26.2,43.9,22.7,84,0,15.8
Khammam,Madhira,26-May-22,0,27.9,38.1,34.7,85.3,0,11.2
Khammam,Madhira,27-May-22,0,28.4,44.1,23.3,73.9,0,7.6
Khammam,Madhira,28-May-22,0,25.9,41.4,31.2,70,0,11.9
Khammam,Madhira,29-May-22,0,27,43.8,19.5,69.9,0,15.6
Khammam,Madhira,30-May-22,1,27.8,43.8,18.1,84.7,0,16.6
Khammam,Madhira,31-May-22,0,30,39.1,33.7,70.9,0,19.9
Khammam,Madhira,1-Jun-22,0,27.9,42.4,23.9,71.2,0,21.5
Khammam,Madhira,2-Jun-22,0,29.8,43.8,22.5,63.1,0,15.9
Khammam,Madhira,3-Jun-22,0,30,45.1,17.7,63.1,0,17.9
Khammam,Madhira,4-Jun-22,0,30.3,44.6,16.4,77.5,0,12.1
Khammam,Madhira,5-Jun-22,0,30.5,44.7,22.5,79.6,0,11.7
Khammam,Madhira,6-Jun-22,0,28.8,45,27.1,72.3,0,14.1
Khammam,Madhira,7-Jun-22,0,27,34.2,46.1,90.8,0,6.9
Khammam,Madhira,8-Jun-22,0,29.4,42.3,21.8,70.9,0,10.9
Khammam,Madhira,9-Jun-22,0,31.1,44.1,17.7,57.7,0,16.8
Khammam,Madhira,10-Jun-22,0,32.1,42,27.5,63.1,0,14.8
Khammam,Madhira,11-Jun-22,0,31,42.2,25.6,63.2,0,9.7
Khammam,Madhira,12-Jun-22,0,28.4,41.8,26.8,73.8,0,14.1
Khammam,Madhira,13-Jun-22,0.3,27.6,40.8,28.1,83.9,0,10.2
Khammam,Madhira,14-Jun-22,10.9,24.6,41.5,28.7,92.9,0,17.6
Khammam,Madhira,15-Jun-22,0,27,39.8,34.4,81.5,0,11.4
Khammam,Madhira,16-Jun-22,18,25.1,39.4,37.7,90.4,0,16.4
Khammam,Madhira,17-Jun-22,7.5,25,36.6,43.7,96.3,0,6.2
Khammam,Madhira,18-Jun-22,0,26.6,39.6,41.6,96.5,0,10.8
Khammam,Madhira,19-Jun-22,0.3,26.6,37.7,41.8,96,0,11.5
Khammam,Madhira,20-Jun-22,0,28.2,37.5,46.4,91.7,0,10.1
Khammam,Madhira,21-Jun-22,8.1,24.2,37.9,42.8,98.9,0,9.5
Khammam,Madhira,22-Jun-22,0,23.9,32.9,63.5,96.5,0,10.6
Khammam,Madhira,23-Jun-22,0,26.8,35.1,46,91.8,0,7.7
Khammam,Madhira,24-Jun-22,0.5,26.5,38.2,36.3,90.9,0,9.3
Khammam,Madhira,25-Jun-22,0.1,25.3,34.6,43.4,93.6,0,7
Khammam,Madhira,26-Jun-22,0.6,24.7,34.9,41.3,99.3,0,11.5
Khammam,Madhira,27-Jun-22,5.6,24.6,33,50.8,99.7,0,11.3
Khammam,Madhira,28-Jun-22,10.8,23.9,32.9,62,100,0,7.6
Khammam,Madhira,29-Jun-22,1.1,25.7,33.2,60,99.7,0,6
Khammam,Madhira,30-Jun-22,15.3,25.6,34,52.7,99.8,0,10.9
Khammam,Madhira,1-Jul-22,0.1,26.8,35.9,46.4,94.1,0,11.6
Khammam,Madhira,2-Jul-22,0.6,25.2,36.3,49.1,93.5,0,12.6
Khammam,Madhira,3-Jul-22,30.1,23.8,33.8,48.1,100,0,16.4
Khammam,Madhira,4-Jul-22,7.6,24.9,32.6,67.8,100,0,7.3
Khammam,Madhira,5-Jul-22,12,24.7,33.7,59.5,100,0,6
Khammam,Madhira,6-Jul-22,36,23.7,35.9,46.5,100,0,12.8
Khammam,Madhira,7-Jul-22,0,25.7,31.9,69.3,100,0,18.5
Khammam,Madhira,8-Jul-22,98.2,24,32.4,64.5,100,0,14.3
Khammam,Madhira,9-Jul-22,28.4,23.2,25.4,95.6,100,0,9
Khammam,Madhira,10-Jul-22,30.3,23.2,27.6,88.1,100,0,8.4
Khammam,Madhira,11-Jul-22,3.9,25,28.9,77.5,99.2,0,11.6
Khammam,Madhira,12-Jul-22,14.5,23.6,30,83.6,100,0,10.8
Khammam,Madhira,13-Jul-22,3.6,24.4,27.8,83.6,99.9,0,9.6
Khammam,Madhira,14-Jul-22,0.4,24.9,30.4,68.3,97.9,0,17.1
Khammam,Madhira,15-Jul-22,1.4,25.1,32.6,66,99.9,0,11.2
Khammam,Madhira,16-Jul-22,0,26.4,34.9,53,90.8,0,5.8
Khammam,Madhira,17-Jul-22,3.6,24.8,37.2,51.8,99.9,0,8.1
Khammam,Madhira,18-Jul-22,20.4,23.3,29.4,78.4,99.9,0,6.6
Khammam,Madhira,19-Jul-22,0,24.9,32.9,64.5,99.9,0,8.1
Khammam,Madhira,20-Jul-22,9.7,25.1,34.9,53.5,99.3,0,7.4
Khammam,Madhira,21-Jul-22,0,25.5,36.9,55.4,98.4,0,3.9
Khammam,Madhira,22-Jul-22,0,25.1,34.7,60,99.9,0,7.1
Khammam,Madhira,23-Jul-22,71.9,23.9,30,81.1,99.9,0,7.9
Khammam,Madhira,24-Jul-22,13.8,23.9,32.7,69.3,99.9,0,12.6
Khammam,Madhira,25-Jul-22,2.7,24.4,33.7,60.5,99.9,0,14.1
Khammam,Madhira,26-Jul-22,5.1,25.6,34.6,61.5,100,0,6.4
Khammam,Madhira,27-Jul-22,0.5,24.5,30.5,78,99.9,0,4
Khammam,Madhira,28-Jul-22,0,24.5,36.1,54.9,99.9,0,7.9
Khammam,Madhira,29-Jul-22,0,25.2,37.5,46.1,100,0,4
Khammam,Madhira,30-Jul-22,3.7,25.3,37.1,48.3,99.9,0,14
Khammam,Madhira,31-Jul-22,0,26.7,37.2,54.9,99.8,0,3.3
Khammam,Madhira,1-Aug-22,0,26.5,36.8,53.9,99.9,0,3.2
Khammam,Madhira,2-Aug-22,6,24.9,39,49.9,99.9,0,4.7
Khammam,Madhira,3-Aug-22,6.9,24.5,37.4,51.8,99.9,0,16.9
Khammam,Madhira,4-Aug-22,0.6,26.4,36.5,63.9,99.9,0,0.8
Khammam,Madhira,5-Aug-22,23.4,24.7,36.8,64.4,99.9,0,15.2
Khammam,Madhira,6-Aug-22,80.5,23.9,32.6,75.3,99.9,0,17.4
Khammam,Madhira,7-Aug-22,10,25.1,32.9,73.2,99.9,0,8.8
Khammam,Madhira,8-Aug-22,10.2,24.1,32.2,80.3,99.9,0,7.7
Khammam,Madhira,9-Aug-22,4.9,25.5,30.6,77.5,98.7,0,12.1
Khammam,Madhira,10-Aug-22,1.7,25.2,30.7,79.4,99.9,0,15.3
Khammam,Madhira,11-Aug-22,0,25.6,34.5,63.5,91.1,0,11.6
Khammam,Madhira,12-Aug-22,0,26.7,33.7,59,90.8,0,19.6
Khammam,Madhira,13-Aug-22,0,25.9,34.5,60.9,92.4,0,18.9
Khammam,Madhira,14-Aug-22,7.6,24.7,33.6,63.9,99.9,0,19.1
Khammam,Madhira,15-Aug-22,0,25.2,30.8,71.4,99.9,0,13.5
Khammam,Madhira,16-Aug-22,0.5,25.3,32.4,68.3,99.9,0,14.6
Khammam,Madhira,17-Aug-22,20.5,24.3,37,58.4,99.9,0,19.5
Khammam,Madhira,18-Aug-22,0,25.5,36.7,63.4,99.9,0,12.4
Khammam,Madhira,19-Aug-22,0,24.2,34.5,68,99.9,0,3.8
Khammam,Madhira,20-Aug-22,0.1,25.8,34,71.4,99.9,0,14.9
Khammam,Madhira,21-Aug-22,0.1,28.1,34.6,64.4,92.4,0,16
Khammam,Madhira,22-Aug-22,0,28.5,34.9,61.1,86.1,0,15.8
Khammam,Madhira,23-Aug-22,0,25.7,34.6,63.5,99.8,0,15
Khammam,Madhira,24-Aug-22,0,26.5,36.7,58.7,98.6,0,14.4
Khammam,Madhira,25-Aug-22,0.5,25.1,34.6,66.9,99.3,0,10.2
Khammam,Madhira,26-Aug-22,2.1,25.8,34.7,57.8,99.9,0,28.6
Khammam,Madhira,27-Aug-22,0.1,24.3,37,60.4,99.9,0,11.7
Khammam,Madhira,28-Aug-22,0.1,25.4,34.8,62.3,99.9,0,11.1
Khammam,Madhira,29-Aug-22,3.8,24.7,34.9,71.1,99.9,0,15.5
Khammam,Madhira,30-Aug-22,1.3,25.7,37.4,61.5,99.9,0,8.9
Khammam,Madhira,31-Aug-22,0,25.4,36.3,63.2,99.9,0,11.9
Khammam,Madhira,1-Sep-22,0,24.8,34.8,60.1,99.9,0,6.5
Khammam,Madhira,2-Sep-22,0.9,26.2,36.4,58.9,99.9,0,10.6
Khammam,Madhira,3-Sep-22,0.1,25.4,34.4,62.5,99.9,0,9.4
Khammam,Madhira,4-Sep-22,0.2,25.7,37,56.1,99.9,0,5.4
Khammam,Madhira,5-Sep-22,11,25.4,36.3,59.3,99.9,0,13.7
Khammam,Madhira,6-Sep-22,0,26.1,37,58.1,99.8,0,8.5
Khammam,Madhira,7-Sep-22,0,26.1,36.6,63.5,99.9,0,10.6
Khammam,Madhira,8-Sep-22,6.1,23.6,34.8,68.8,99.9,0,16.4
Khammam,Madhira,9-Sep-22,4.6,25.7,31.9,87.4,99.9,0,12.7
Khammam,Madhira,10-Sep-22,6.9,25.1,32.6,84.5,99.9,0,8.6
Khammam,Madhira,11-Sep-22,16.3,24.4,32.4,74.8,99.9,0,14.8
Khammam,Madhira,12-Sep-22,0.1,26.2,32.8,73.1,99.9,0,6.4
Khammam,Madhira,13-Sep-22,0.3,25.8,33.9,70.5,99.9,0,15.3
Khammam,Madhira,14-Sep-22,0,25.9,34.9,70.9,99.9,0,15.1
Khammam,Madhira,15-Sep-22,0,25.3,33.8,72.1,99.9,0,14.2
Khammam,Madhira,16-Sep-22,0,24.8,36.2,62.3,99.9,0,8.4
Khammam,Madhira,17-Sep-22,0,26,34.8,63.3,97.7,0,22.5
Khammam,Madhira,18-Sep-22,0,25.3,34.8,61,99.9,0,14.4
Khammam,Madhira,19-Sep-22,0.5,25.7,34.4,63.5,99.9,0,8.1
Khammam,Madhira,20-Sep-22,5.3,23.2,30.3,92.6,99.9,0,1.3
Khammam,Madhira,21-Sep-22,0,25.3,32.8,72.4,99.9,0,4
Khammam,Madhira,22-Sep-22,1,25.3,34.8,66.5,99.9,0,10.3
Khammam,Madhira,23-Sep-22,0,24,32.8,76.9,99.9,0,13.6
Khammam,Madhira,24-Sep-22,0,23.6,34.9,63.5,99.9,0,14.5
Khammam,Madhira,25-Sep-22,0,23.7,34.8,63.1,99.9,0,10.3
Khammam,Madhira,26-Sep-22,0,24.1,36.9,56.1,99.9,0,7.9
Khammam,Madhira,27-Sep-22,27.5,24,37.3,63.7,99.9,0,8.3
Khammam,Madhira,28-Sep-22,0.8,25.9,36.7,63.6,99.9,0,3.5
Khammam,Madhira,29-Sep-22,22.4,23.6,34.9,72.5,99.9,0,4
Khammam,Madhira,30-Sep-22,0.1,26.2,33,77.8,99.9,0,6.9
Khammam,Madhira,1-Oct-22,13,24.6,32.8,72.3,99.9,0,8.4
Khammam,Madhira,2-Oct-22,0,25.9,33.8,80,99.9,0,1.2
Khammam,Madhira,3-Oct-22,0,26.1,34.9,71,99.9,0,4.7
Khammam,Madhira,4-Oct-22,0,26.2,34.4,74,99.9,0,11.7
Khammam,Madhira,5-Oct-22,0,25.6,32.9,59,99.9,0,7.4
Khammam,Madhira,6-Oct-22,22.9,23.8,34.2,72.7,99.9,0,7.4
Khammam,Madhira,7-Oct-22,14.3,24.3,30.5,90.8,99.9,0,4.7
Khammam,Madhira,8-Oct-22,0,24.8,32.6,77.5,99.9,0,0
Khammam,Madhira,9-Oct-22,0,24,34.5,71,99.9,0,2.6
Khammam,Madhira,10-Oct-22,4.7,24.8,32.2,75.1,99.9,0,1
Khammam,Madhira,11-Oct-22,0.1,23.9,32.9,77.5,99.9,0,5.2
Khammam,Madhira,12-Oct-22,0.8,24.6,34.1,71.4,99.9,0,3.6
Khammam,Madhira,13-Oct-22,0.1,24.7,34.2,71.4,99.9,0,0.2
Khammam,Madhira,14-Oct-22,1.6,25.9,36.7,63.5,99.9,0,9.5
Khammam,Madhira,15-Oct-22,9.9,23.4,33.1,77.5,99.9,0,6.7
Khammam,Madhira,16-Oct-22,17.4,23.9,30.3,94.2,99.9,0,3.6
Khammam,Madhira,17-Oct-22,0.6,24.1,33.8,77.5,99.9,0,6.5
Khammam,Madhira,18-Oct-22,0,25.2,36.9,63.7,99.9,0,2.2
Khammam,Madhira,19-Oct-22,0,23.6,36.7,63.5,99.9,0,5.6
Khammam,Madhira,20-Oct-22,0,25.4,34.5,63.4,99.9,0,4.9
Khammam,Madhira,21-Oct-22,0.1,24.8,34.4,65.2,99.9,0,5.4
Khammam,Madhira,22-Oct-22,0,22.6,34.9,63.5,99.9,0,5.2
Khammam,Madhira,23-Oct-22,0,21.4,33.7,58.1,97.9,0,12
Khammam,Madhira,24-Oct-22,0,21.5,34,55,98.1,0,6.8
Khammam,Madhira,25-Oct-22,0,20.3,34.6,47.4,99.9,0,6.3
Khammam,Madhira,26-Oct-22,0,20.8,34.8,42.7,99.9,0,5.3
Khammam,Madhira,27-Oct-22,0,21.7,34.5,48.3,99.9,0,8.4
Khammam,Madhira,28-Oct-22,0,21.6,34.6,49,99.9,0,8.6
Khammam,Madhira,29-Oct-22,0,20.8,34.1,55.1,99.9,0,10.4
Khammam,Madhira,30-Oct-22,0,21.7,33.9,54.1,99.9,0,7.1
Khammam,Madhira,31-Oct-22,0,21.5,32.6,46.8,99.9,0,15.1
Khammam,Madhira,1-Nov-22,0,22.6,33.7,55,99.6,0,8.4
Khammam,Madhira,7-Nov-22,0,19.6,33.9,45.7,100,0,4.3
Khammam,Madhira,1-Dec-22,0,18.7,32.4,45.9,99.9,0,4.4
Khammam,Madhira,2-Dec-22,0,19.9,32.6,53.5,100,0,3.8
Khammam,Madhira,3-Dec-22,0,22.2,34.3,58,100,0,7.4
Khammam,Madhira,4-Dec-22,0,22,34.2,56,100,0,5.9
Khammam,Madhira,5-Dec-22,0,19.6,32.9,57.5,100,0,0.4
Khammam,Madhira,6-Dec-22,0,18.4,32.9,57,100,0,5.5
Khammam,Madhira,7-Dec-22,0,15.9,32.9,49.3,100,0,1.9
Khammam,Madhira,8-Dec-22,0,15.6,30.4,44.9,100,0,13.4
Khammam,Madhira,9-Dec-22,0,18.7,32.1,30.5,84.7,0,10.9
Khammam,Madhira,10-Dec-22,6.4,18.7,27.7,54.2,100,0,12.1
Khammam,Madhira,11-Dec-22,3.8,22.6,30.4,66.9,100,0,11.2
Khammam,Madhira,12-Dec-22,0,21.5,32.4,55.1,100,0,10.8
Khammam,Madhira,13-Dec-22,0,22.4,33,58.5,100,0,12.7
Khammam,Madhira,14-Dec-22,0,22.2,33.8,57,100,0,10.8
Khammam,Madhira,15-Dec-22,0,20,34.6,52.5,100,0,0.2
Khammam,Madhira,16-Dec-22,0,19.3,34.7,39.3,100,0,3.4
Khammam,Madhira,17-Dec-22,0,20.3,34.8,49.7,100,0,2.1
Khammam,Madhira,18-Dec-22,0,21.1,33.7,57,100,0,0
Khammam,Madhira,19-Dec-22,0,17.5,32.7,47,100,0,6.2
Khammam,Madhira,20-Dec-22,0,16.2,32.8,41.9,100,0,3.9
Khammam,Madhira,21-Dec-22,0,15.9,32.4,44.2,100,0,8.2
Khammam,Madhira,22-Dec-22,0,17.7,32.9,45.3,100,0,1.7
Khammam,Madhira,23-Dec-22,0,15.9,32.5,43.1,100,0,4.8
Khammam,Madhira,24-Dec-22,0,14.8,32.7,37.4,100,0,13.1
Khammam,Madhira,25-Dec-22,0,16.6,32.7,33.2,100,0,9.6
Khammam,Madhira,26-Dec-22,0,20,33,48,100,0,2.9
Khammam,Madhira,27-Dec-22,0,22.3,33.7,54.5,99.9,0,2.4
Khammam,Madhira,28-Dec-22,0,22.4,34.4,50.8,100,0,0
Khammam,Madhira,29-Dec-22,0,20,34.8,45.7,100,0,2.2
Khammam,Madhira,30-Dec-22,0,20.7,34.6,49.7,100,0,0.2
Khammam,Madhira,31-Dec-22,0,19.9,34.3,49.1,100,0,3.7